global_step,episode,episode_return,episode_length,success,collision,off_route,agents_alive_done,stagnation,timeout,terminal_reason
128,1,-1.0,128,0,1,0,0,0,0,collision
427,2,0.0,299,0,0,0,0,0,1,timeout
726,3,0.0,299,0,0,0,0,0,1,timeout
743,4,-1.0,17,0,1,0,0,0,0,collision
755,5,-1.0,12,0,0,1,0,0,0,off_route
1054,6,0.0,299,0,0,0,0,0,1,timeout
1057,7,-1.0,3,0,1,0,0,0,0,collision
1356,8,0.0,299,0,0,0,0,0,1,timeout
1503,9,-1.0,147,0,1,0,0,0,0,collision
1607,10,-1.0,104,0,1,0,0,0,0,collision
1612,11,-1.0,5,0,1,0,0,0,0,collision
1614,12,-1.0,2,0,1,0,0,0,0,collision
1615,13,-1.0,1,0,1,0,0,0,0,collision
1710,14,-1.0,95,0,1,0,0,0,0,collision
2009,15,0.0,299,0,0,0,0,0,1,timeout
2149,16,-1.0,140,0,1,0,0,0,0,collision
2359,17,-1.0,210,0,1,0,0,0,0,collision
2381,18,-1.0,22,0,0,1,0,0,0,off_route
2386,19,-1.0,5,0,0,1,0,0,0,off_route
2685,20,0.0,299,0,0,0,0,0,1,timeout
2984,21,0.0,299,0,0,0,0,0,1,timeout
128,1,-1.0,128,0,1,0,0,0,0,collision
427,2,0.0,299,0,0,0,0,0,1,timeout
557,3,-1.0,130,0,1,0,0,0,0,collision
758,4,-1.0,201,0,1,0,0,0,0,collision
769,5,-1.0,11,0,0,1,0,0,0,off_route
128,1,-1.0,128,0,1,0,0,0,0,collision
427,2,0.0,299,0,0,0,0,0,1,timeout
726,3,0.0,299,0,0,0,0,0,1,timeout
743,4,-1.0,17,0,1,0,0,0,0,collision
1042,5,0.0,299,0,0,0,0,0,1,timeout
1341,6,0.0,299,0,0,0,0,0,1,timeout
1344,7,-1.0,3,0,1,0,0,0,0,collision
1548,8,-1.0,204,0,1,0,0,0,0,collision
1587,9,-1.0,39,0,1,0,0,0,0,collision
1886,10,0.0,299,0,0,0,0,0,1,timeout
1893,11,-1.0,7,0,1,0,0,0,0,collision
1895,12,-1.0,2,0,1,0,0,0,0,collision
1896,13,-1.0,1,0,1,0,0,0,0,collision
2195,14,0.0,299,0,0,0,0,0,1,timeout
2422,15,-1.0,227,0,1,0,0,0,0,collision
2721,16,0.0,299,0,0,0,0,0,1,timeout
2924,17,-1.0,203,0,1,0,0,0,0,collision
3223,18,0.0,299,0,0,0,0,0,1,timeout
3228,19,-1.0,5,0,0,1,0,0,0,off_route
3503,20,-1.0,275,0,1,0,0,0,0,collision
3529,21,-1.0,26,0,1,0,0,0,0,collision
3593,22,-1.0,64,0,1,0,0,0,0,collision
3603,23,-1.0,10,0,0,1,0,0,0,off_route
3892,24,-1.0,289,0,1,0,0,0,0,collision
3965,25,-1.0,73,0,1,0,0,0,0,collision
4129,26,-1.0,164,0,1,0,0,0,0,collision
4277,27,-1.0,148,0,1,0,0,0,0,collision
4439,28,-1.0,162,0,1,0,0,0,0,collision
4643,29,-1.0,204,0,1,0,0,0,0,collision
4651,30,-1.0,8,0,0,1,0,0,0,off_route
4771,31,-1.0,120,0,1,0,0,0,0,collision
5070,32,0.0,299,0,0,0,0,0,1,timeout
5104,33,-1.0,34,0,1,0,0,0,0,collision
5403,34,0.0,299,0,0,0,0,0,1,timeout
5702,35,0.0,299,0,0,0,0,0,1,timeout
5800,36,-1.0,98,0,1,0,0,0,0,collision
5811,37,-1.0,11,0,0,1,0,0,0,off_route
5946,38,-1.0,135,0,1,0,0,0,0,collision
5953,39,-1.0,7,0,0,1,0,0,0,off_route
6252,40,0.0,299,0,0,0,0,0,1,timeout
6267,41,-1.0,15,0,0,1,0,0,0,off_route
6497,42,-1.0,230,0,1,0,0,0,0,collision
6552,43,-1.0,55,0,1,0,0,0,0,collision
6851,44,0.0,299,0,0,0,0,0,1,timeout
6967,45,-1.0,116,0,1,0,0,0,0,collision
7191,46,-1.0,224,0,1,0,0,0,0,collision
7374,47,-1.0,183,0,1,0,0,0,0,collision
7644,48,-1.0,270,0,1,0,0,0,0,collision
7850,49,-1.0,206,0,1,0,0,0,0,collision
8149,50,0.0,299,0,0,0,0,0,1,timeout
8257,51,-1.0,108,0,1,0,0,0,0,collision
8293,52,-1.0,36,0,1,0,0,0,0,collision
8592,53,0.0,299,0,0,0,0,0,1,timeout
8732,54,-1.0,140,0,1,0,0,0,0,collision
8884,55,-1.0,152,0,1,0,0,0,0,collision
8893,56,-1.0,9,0,0,1,0,0,0,off_route
8949,57,-1.0,56,0,1,0,0,0,0,collision
8978,58,-1.0,29,0,1,0,0,0,0,collision
8984,59,-1.0,6,0,0,1,0,0,0,off_route
9000,60,-1.0,16,0,1,0,0,0,0,collision
9299,61,0.0,299,0,0,0,0,0,1,timeout
9567,62,-1.0,268,0,1,0,0,0,0,collision
9620,63,-1.0,53,0,1,0,0,0,0,collision
9919,64,0.0,299,0,0,0,0,0,1,timeout
9981,65,-1.0,62,0,1,0,0,0,0,collision
10014,66,-1.0,33,0,1,0,0,0,0,collision
10313,67,0.0,299,0,0,0,0,0,1,timeout
10612,68,0.0,299,0,0,0,0,0,1,timeout
10911,69,0.0,299,0,0,0,0,0,1,timeout
11210,70,0.0,299,0,0,0,0,0,1,timeout
11509,71,0.0,299,0,0,0,0,0,1,timeout
11567,72,-1.0,58,0,1,0,0,0,0,collision
11626,73,-1.0,59,0,1,0,0,0,0,collision
11633,74,-1.0,7,0,1,0,0,0,0,collision
11889,75,-1.0,256,0,1,0,0,0,0,collision
12188,76,0.0,299,0,0,0,0,0,1,timeout
12192,77,-1.0,4,0,1,0,0,0,0,collision
12204,78,-1.0,12,0,1,0,0,0,0,collision
12478,79,-1.0,274,0,1,0,0,0,0,collision
12777,80,0.0,299,0,0,0,0,0,1,timeout
13076,81,0.0,299,0,0,0,0,0,1,timeout
13275,82,-1.0,199,0,1,0,0,0,0,collision
13285,83,-1.0,10,0,1,0,0,0,0,collision
13584,84,0.0,299,0,0,0,0,0,1,timeout
13586,85,-1.0,2,0,1,0,0,0,0,collision
13733,86,-1.0,147,0,1,0,0,0,0,collision
14032,87,0.0,299,0,0,0,0,0,1,timeout
14142,88,-1.0,110,0,1,0,0,0,0,collision
14151,89,-1.0,9,0,1,0,0,0,0,collision
14155,90,-1.0,4,0,1,0,0,0,0,collision
14313,91,-1.0,158,0,1,0,0,0,0,collision
14319,92,-1.0,6,0,0,1,0,0,0,off_route
14421,93,-1.0,102,0,1,0,0,0,0,collision
14720,94,0.0,299,0,0,0,0,0,1,timeout
15019,95,0.0,299,0,0,0,0,0,1,timeout
15031,96,-1.0,12,0,0,1,0,0,0,off_route
15204,97,-1.0,173,0,1,0,0,0,0,collision
15212,98,-1.0,8,0,0,1,0,0,0,off_route
15217,99,-1.0,5,0,1,0,0,0,0,collision
15229,100,-1.0,12,0,1,0,0,0,0,collision
15333,101,-1.0,104,0,1,0,0,0,0,collision
15367,102,-1.0,34,0,1,0,0,0,0,collision
15448,103,-1.0,81,0,1,0,0,0,0,collision
15747,104,0.0,299,0,0,0,0,0,1,timeout
15788,105,-1.0,41,0,1,0,0,0,0,collision
16087,106,0.0,299,0,0,0,0,0,1,timeout
16386,107,0.0,299,0,0,0,0,0,1,timeout
16685,108,0.0,299,0,0,0,0,0,1,timeout
16692,109,-1.0,7,0,1,0,0,0,0,collision
16876,110,-1.0,184,0,1,0,0,0,0,collision
16940,111,-1.0,64,0,1,0,0,0,0,collision
17025,112,-1.0,85,0,0,1,0,0,0,off_route
17324,113,0.0,299,0,0,0,0,0,1,timeout
17526,114,-1.0,202,0,1,0,0,0,0,collision
17825,115,0.0,299,0,0,0,0,0,1,timeout
17975,116,-1.0,150,0,1,0,0,0,0,collision
18027,117,-1.0,52,0,1,0,0,0,0,collision
18198,118,-1.0,171,0,1,0,0,0,0,collision
18285,119,-1.0,87,0,1,0,0,0,0,collision
18584,120,0.0,299,0,0,0,0,0,1,timeout
18606,121,-1.0,22,0,1,0,0,0,0,collision
18624,122,-1.0,18,0,1,0,0,0,0,collision
18923,123,0.0,299,0,0,0,0,0,1,timeout
19222,124,0.0,299,0,0,0,0,0,1,timeout
19249,125,-1.0,27,0,1,0,0,0,0,collision
19493,126,-1.0,244,0,1,0,0,0,0,collision
19788,127,-1.0,295,0,1,0,0,0,0,collision
19791,128,-1.0,3,0,1,0,0,0,0,collision
19799,129,-1.0,8,0,0,1,0,0,0,off_route
19851,130,-1.0,52,0,1,0,0,0,0,collision
19988,131,-1.0,137,0,1,0,0,0,0,collision
20287,132,0.0,299,0,0,0,0,0,1,timeout
20586,133,0.0,299,0,0,0,0,0,1,timeout
20599,134,-1.0,13,0,0,1,0,0,0,off_route
20898,135,0.0,299,0,0,0,0,0,1,timeout
21006,136,-1.0,108,0,1,0,0,0,0,collision
21072,137,-1.0,66,0,1,0,0,0,0,collision
21258,138,-1.0,186,0,1,0,0,0,0,collision
21557,139,0.0,299,0,0,0,0,0,1,timeout
21756,140,-1.0,199,0,1,0,0,0,0,collision
22055,141,0.0,299,0,0,0,0,0,1,timeout
22354,142,0.0,299,0,0,0,0,0,1,timeout
22653,143,0.0,299,0,0,0,0,0,1,timeout
22662,144,-1.0,9,0,1,0,0,0,0,collision
22678,145,-1.0,16,0,1,0,0,0,0,collision
22684,146,-1.0,6,0,0,1,0,0,0,off_route
22983,147,0.0,299,0,0,0,0,0,1,timeout
22991,148,-1.0,8,0,0,1,0,0,0,off_route
23028,149,-1.0,37,0,1,0,0,0,0,collision
23199,150,-1.0,171,0,1,0,0,0,0,collision
23220,151,-1.0,21,0,1,0,0,0,0,collision
23222,152,-1.0,2,0,1,0,0,0,0,collision
23226,153,-1.0,4,0,0,1,0,0,0,off_route
23254,154,-1.0,28,0,1,0,0,0,0,collision
23393,155,-1.0,139,0,1,0,0,0,0,collision
23567,156,-1.0,174,0,1,0,0,0,0,collision
23617,157,-1.0,50,0,1,0,0,0,0,collision
23629,158,-1.0,12,0,0,1,0,0,0,off_route
23649,159,-1.0,20,0,1,0,0,0,0,collision
23948,160,0.0,299,0,0,0,0,0,1,timeout
24088,161,-1.0,140,0,1,0,0,0,0,collision
126,1,-0.975842749288006,126,0,1,0,0,0,0,collision
236,2,-0.9909916471440372,110,0,1,0,0,0,0,collision
277,3,-0.979108138390099,41,0,1,0,0,0,0,collision
294,4,-0.9762372165446853,17,0,1,0,0,0,0,collision
298,5,-0.9140617516731496,4,0,1,0,0,0,0,collision
597,6,0.02525421216231861,299,0,0,0,0,0,1,timeout
600,7,-0.9277036662219673,3,0,1,0,0,0,0,collision
669,8,-0.9813528696989052,69,0,1,0,0,0,0,collision
712,9,-0.9861272457353474,43,0,1,0,0,0,0,collision
1011,10,0.014504328643915447,299,0,0,0,0,0,1,timeout
1014,11,-0.9304153082616817,3,0,1,0,0,0,0,collision
1016,12,-0.9256802480439017,2,0,1,0,0,0,0,collision
1017,13,-0.8919397590832763,1,0,1,0,0,0,0,collision
41,1,-0.9843008467246627,41,0,1,0,0,0,0,collision
253,2,-1.0,212,0,0,1,0,0,0,off_route
267,3,-0.9686438653228834,14,0,1,0,0,0,0,collision
389,4,-0.9941149539580131,122,0,1,0,0,0,0,collision
590,5,-1.0,201,0,0,1,0,0,0,off_route
781,6,-0.9999999999999999,191,0,0,1,0,0,0,off_route
973,7,-1.0,192,0,0,1,0,0,0,off_route
1068,8,-0.9821596192631145,95,0,1,0,0,0,0,collision
1085,9,-0.9732674719512274,17,0,1,0,0,0,0,collision
1272,10,-1.0,187,0,0,1,0,0,0,off_route
1481,11,-1.0,209,0,0,1,0,0,0,off_route
1672,12,-1.0,191,0,0,1,0,0,0,off_route
1687,13,-0.9776079069885277,15,0,1,0,0,0,0,collision
1721,14,-0.9769797752364617,34,0,1,0,0,0,0,collision
1926,15,-1.0,205,0,0,1,0,0,0,off_route
2106,16,-1.0,180,0,0,1,0,0,0,off_route
2325,17,-0.9999999999999999,219,0,0,1,0,0,0,off_route
2541,18,-1.0,216,0,0,1,0,0,0,off_route
2580,19,-0.9787579040898188,39,0,1,0,0,0,0,collision
2775,20,-1.0,195,0,0,1,0,0,0,off_route
2988,21,-0.9999999999999999,213,0,0,1,0,0,0,off_route
3210,22,-1.0,222,0,0,1,0,0,0,off_route
3408,23,-1.0,198,0,0,1,0,0,0,off_route
3576,24,-1.0,168,0,0,1,0,0,0,off_route
3784,25,-1.0,208,0,0,1,0,0,0,off_route
4008,26,-1.0,224,0,0,1,0,0,0,off_route
4205,27,-1.0,197,0,0,1,0,0,0,off_route
4231,28,-0.9796514415820923,26,0,1,0,0,0,0,collision
4451,29,-1.0,220,0,0,1,0,0,0,off_route
4639,30,-1.0,188,0,0,1,0,0,0,off_route
4660,31,-0.9744243877552442,21,0,1,0,0,0,0,collision
4866,32,-1.0,206,0,0,1,0,0,0,off_route
4899,33,-0.981772718794857,33,0,1,0,0,0,0,collision
5092,34,-1.0,193,0,0,1,0,0,0,off_route
5280,35,-1.0,188,0,0,1,0,0,0,off_route
5468,36,-1.0,188,0,0,1,0,0,0,off_route
5654,37,-0.9999999999999999,186,0,0,1,0,0,0,off_route
5685,38,-0.9737802580151885,31,0,1,0,0,0,0,collision
5877,39,-1.0,192,0,0,1,0,0,0,off_route
6072,40,-1.0,195,0,0,1,0,0,0,off_route
6085,41,-0.966470287537063,13,0,1,0,0,0,0,collision
6253,42,-1.0,168,0,0,1,0,0,0,off_route
6462,43,-1.0,209,0,0,1,0,0,0,off_route
6671,44,-1.0,209,0,0,1,0,0,0,off_route
6688,45,-0.974098624257099,17,0,1,0,0,0,0,collision
6896,46,-1.0,208,0,0,1,0,0,0,off_route
7081,47,-1.0,185,0,0,1,0,0,0,off_route
7112,48,-0.9819117003335216,31,0,1,0,0,0,0,collision
208,1,-1.2080000000000004,208,0,0,1,0,0,0,off_route
450,2,-1.242,242,0,0,1,0,0,0,off_route
630,3,-1.18,180,0,0,1,0,0,0,off_route
827,4,-1.197,197,0,0,1,0,0,0,off_route
1027,5,-1.2,200,0,0,1,0,0,0,off_route
1206,6,-1.179,179,0,0,1,0,0,0,off_route
1222,7,-0.9879473983571583,16,0,1,0,0,0,0,collision
1261,8,-1.008377034972159,39,0,1,0,0,0,0,collision
1473,9,-1.212,212,0,0,1,0,0,0,off_route
1666,10,-1.193,193,0,0,1,0,0,0,off_route
1863,11,0.8256014528096755,197,1,0,0,0,0,0,success
2050,12,-1.187,187,0,0,1,0,0,0,off_route
2266,13,-1.216,216,0,0,1,0,0,0,off_route
2477,14,-1.211,211,0,0,1,0,0,0,off_route
2660,15,-1.183,183,0,0,1,0,0,0,off_route
2851,16,-1.191,191,0,0,1,0,0,0,off_route
3038,17,-1.187,187,0,0,1,0,0,0,off_route
3255,18,-1.217,217,0,0,1,0,0,0,off_route
3452,19,-1.197,197,0,0,1,0,0,0,off_route
3634,20,-1.182,182,0,0,1,0,0,0,off_route
3844,21,-1.2100000000000002,210,0,0,1,0,0,0,off_route
3967,22,-1.1064376011617465,123,0,1,0,0,0,0,collision
4152,23,-1.185,185,0,0,1,0,0,0,off_route
4205,24,-1.036568220754802,53,0,1,0,0,0,0,collision
4439,25,-1.234,234,0,0,1,0,0,0,off_route
4622,26,-1.183,183,0,0,1,0,0,0,off_route
4653,27,-1.0030778305067796,31,0,1,0,0,0,0,collision
4692,28,-1.0172434727499478,39,0,1,0,0,0,0,collision
4745,29,-1.027793998831872,53,0,1,0,0,0,0,collision
4957,30,-1.212,212,0,0,1,0,0,0,off_route
4989,31,-1.0051845406409314,32,0,1,0,0,0,0,collision
5012,32,-1.0021392194123715,23,0,1,0,0,0,0,collision
5046,33,-1.0141098760512168,34,0,1,0,0,0,0,collision
5108,34,-1.047859452561327,62,0,1,0,0,0,0,collision
5299,35,-1.191,191,0,0,1,0,0,0,off_route
5363,36,-1.044914182245947,64,0,1,0,0,0,0,collision
5558,37,-1.1949999999999998,195,0,0,1,0,0,0,off_route
5763,38,-1.205,205,0,0,1,0,0,0,off_route
5948,39,-1.185,185,0,0,1,0,0,0,off_route
6173,40,-1.2249999999999999,225,0,0,1,0,0,0,off_route
6344,41,-1.171,171,0,0,1,0,0,0,off_route
6539,42,-1.195,195,0,0,1,0,0,0,off_route
6745,43,0.8084414841639203,206,1,0,0,0,0,0,success
6942,44,-1.197,197,0,0,1,0,0,0,off_route
7158,45,-1.2160000000000002,216,0,0,1,0,0,0,off_route
7348,46,-1.19,190,0,0,1,0,0,0,off_route
7520,47,-1.1720000000000002,172,0,0,1,0,0,0,off_route
7719,48,-1.199,199,0,0,1,0,0,0,off_route
7759,49,-1.0085411521381686,40,0,1,0,0,0,0,collision
7983,50,-1.224,224,0,0,1,0,0,0,off_route
8173,51,-1.19,190,0,0,1,0,0,0,off_route
8366,52,-1.1929999999999998,193,0,0,1,0,0,0,off_route
8596,53,-1.2300000000000002,230,0,0,1,0,0,0,off_route
8786,54,-1.19,190,0,0,1,0,0,0,off_route
8957,55,-1.1710000000000003,171,0,0,1,0,0,0,off_route
9171,56,-1.214,214,0,0,1,0,0,0,off_route
9388,57,-1.217,217,0,0,1,0,0,0,off_route
9607,58,-1.219,219,0,0,1,0,0,0,off_route
9797,59,-1.1900000000000002,190,0,0,1,0,0,0,off_route
10003,60,-1.2060000000000002,206,0,0,1,0,0,0,off_route
10194,61,-1.191,191,0,0,1,0,0,0,off_route
10396,62,-1.2020000000000002,202,0,0,1,0,0,0,off_route
10589,63,-1.193,193,0,0,1,0,0,0,off_route
10811,64,-1.222,222,0,0,1,0,0,0,off_route
11041,65,-1.23,230,0,0,1,0,0,0,off_route
11235,66,-1.194,194,0,0,1,0,0,0,off_route
11435,67,-1.2,200,0,0,1,0,0,0,off_route
11645,68,-1.21,210,0,0,1,0,0,0,off_route
11837,69,-1.1920000000000002,192,0,0,1,0,0,0,off_route
12034,70,-1.197,197,0,0,1,0,0,0,off_route
12237,71,-1.2029999999999998,203,0,0,1,0,0,0,off_route
12421,72,-1.1840000000000002,184,0,0,1,0,0,0,off_route
12609,73,-1.188,188,0,0,1,0,0,0,off_route
12812,74,-1.203,203,0,0,1,0,0,0,off_route
12993,75,-1.181,181,0,0,1,0,0,0,off_route
13223,76,-1.23,230,0,0,1,0,0,0,off_route
13418,77,-1.195,195,0,0,1,0,0,0,off_route
13610,78,-1.1920000000000002,192,0,0,1,0,0,0,off_route
13650,79,-1.0089550768388613,40,0,1,0,0,0,0,collision
13758,80,-1.0983326382635288,108,0,1,0,0,0,0,collision
13962,81,-1.2040000000000002,204,0,0,1,0,0,0,off_route
14043,82,-1.0676357978154576,81,0,1,0,0,0,0,collision
14266,83,-1.223,223,0,0,1,0,0,0,off_route
14464,84,-1.1980000000000002,198,0,0,1,0,0,0,off_route
14684,85,-1.2200000000000002,220,0,0,1,0,0,0,off_route
14745,86,-1.046490528825764,61,0,1,0,0,0,0,collision
14980,87,-1.2349999999999999,235,0,0,1,0,0,0,off_route
15179,88,-1.1989999999999998,199,0,0,1,0,0,0,off_route
15360,89,-1.181,181,0,0,1,0,0,0,off_route
15595,90,-1.235,235,0,0,1,0,0,0,off_route
15795,91,-1.2,200,0,0,1,0,0,0,off_route
16019,92,-1.224,224,0,0,1,0,0,0,off_route
16220,93,-1.201,201,0,0,1,0,0,0,off_route
16446,94,-1.226,226,0,0,1,0,0,0,off_route
16646,95,-1.2000000000000002,200,0,0,1,0,0,0,off_route
16864,96,-1.218,218,0,0,1,0,0,0,off_route
17096,97,-1.232,232,0,0,1,0,0,0,off_route
17309,98,-1.2129999999999999,213,0,0,1,0,0,0,off_route
17410,99,-1.0876679385142636,101,0,1,0,0,0,0,collision
17626,100,-1.216,216,0,0,1,0,0,0,off_route
17841,101,-1.2149999999999999,215,0,0,1,0,0,0,off_route
18056,102,-1.215,215,0,0,1,0,0,0,off_route
18269,103,-1.2129999999999999,213,0,0,1,0,0,0,off_route
18493,104,-1.224,224,0,0,1,0,0,0,off_route
18706,105,-1.2129999999999999,213,0,0,1,0,0,0,off_route
18943,106,-1.237,237,0,0,1,0,0,0,off_route
19209,107,-1.266,266,0,0,1,0,0,0,off_route
19462,108,-1.253,253,0,0,1,0,0,0,off_route
19708,109,-1.2460000000000002,246,0,0,1,0,0,0,off_route
19729,110,-1.009001245205178,21,0,1,0,0,0,0,collision
19744,111,-0.9861821705040534,15,0,1,0,0,0,0,collision
19788,112,-1.0263934844704459,44,0,1,0,0,0,0,collision
19806,113,-0.9988108191437973,18,0,1,0,0,0,0,collision
19853,114,-1.0405372043961947,47,0,1,0,0,0,0,collision
19866,115,-0.9785588911887363,13,0,1,0,0,0,0,collision
19907,116,-1.0290071501385536,41,0,1,0,0,0,0,collision
20124,117,-1.217,217,0,0,1,0,0,0,off_route
20139,118,-0.9868936328285082,15,0,1,0,0,0,0,collision
20174,119,-1.0188802745958538,35,0,1,0,0,0,0,collision
20422,120,-1.2480000000000002,248,0,0,1,0,0,0,off_route
20699,121,-1.2770000000000001,277,0,0,1,0,0,0,off_route
20717,122,-1.0009927881384868,18,0,1,0,0,0,0,collision
20768,123,-1.0401323711569754,51,0,1,0,0,0,0,collision
21008,124,-1.24,240,0,0,1,0,0,0,off_route
21050,125,-1.0367948783412329,42,0,1,0,0,0,0,collision
21313,126,-1.263,263,0,0,1,0,0,0,off_route
21603,127,-1.2900000000000003,290,0,0,1,0,0,0,off_route
21874,128,-1.2710000000000001,271,0,0,1,0,0,0,off_route
21899,129,-1.0125377485601987,25,0,1,0,0,0,0,collision
22146,130,-1.2470000000000003,247,0,0,1,0,0,0,off_route
22177,131,-1.0224336262349287,31,0,1,0,0,0,0,collision
22433,132,-1.256,256,0,0,1,0,0,0,off_route
22452,133,-1.0027296614986188,19,0,1,0,0,0,0,collision
22716,134,-1.264,264,0,0,1,0,0,0,off_route
22968,135,-1.252,252,0,0,1,0,0,0,off_route
23010,136,-1.0166894701586746,42,0,1,0,0,0,0,collision
23031,137,-1.003096663361991,21,0,1,0,0,0,0,collision
23074,138,-1.023852876971793,43,0,1,0,0,0,0,collision
23092,139,-0.9977564636498328,18,0,1,0,0,0,0,collision
23354,140,-1.262,262,0,0,1,0,0,0,off_route
23569,141,-1.215,215,0,0,1,0,0,0,off_route
23818,142,-1.2489999999999999,249,0,0,1,0,0,0,off_route
23885,143,-1.0506324915166982,67,0,1,0,0,0,0,collision
23906,144,-1.0116560948290902,21,0,1,0,0,0,0,collision
23995,145,-1.0713855718064573,89,0,1,0,0,0,0,collision
24282,146,-1.2870000000000001,287,0,0,1,0,0,0,off_route
24531,147,-1.249,249,0,0,1,0,0,0,off_route
24597,148,-1.060872077568295,66,0,1,0,0,0,0,collision
24859,149,-1.262,262,0,0,1,0,0,0,off_route
24990,150,-1.123187860398284,131,0,1,0,0,0,0,collision
25289,151,-0.28157886005528776,299,0,0,0,0,0,1,timeout
25404,152,-1.1108118632918766,115,0,1,0,0,0,0,collision
25544,153,-1.1285537342568617,140,0,1,0,0,0,0,collision
25601,154,-1.0499281518534005,57,0,1,0,0,0,0,collision
25677,155,-1.0673405642189702,76,0,1,0,0,0,0,collision
25976,156,-1.2990000000000002,299,0,0,1,0,0,0,off_route
26275,157,-0.27968770892302713,299,0,0,0,0,0,1,timeout
26574,158,-0.2910061504089194,299,0,0,0,0,0,1,timeout
26873,159,-0.28004162365026647,299,0,0,0,0,0,1,timeout
27172,160,-0.29331202482417573,299,0,0,0,0,0,1,timeout
27285,161,-1.1067270659964241,113,0,1,0,0,0,0,collision
27398,162,-1.1087986217130799,113,0,1,0,0,0,0,collision
27521,163,-1.1144540055864876,123,0,1,0,0,0,0,collision
27795,164,-1.274,274,0,0,1,0,0,0,off_route
27928,165,-1.1210900591371162,133,0,1,0,0,0,0,collision
28227,166,-0.29143525622648786,299,0,0,0,0,0,1,timeout
28526,167,-0.2924621392000272,299,0,0,0,0,0,1,timeout
28825,168,-0.29045642115180575,299,0,0,0,0,0,1,timeout
29124,169,-0.29551431078876056,299,0,0,0,0,0,1,timeout
29140,170,-0.9846107909730494,16,0,1,0,0,0,0,collision
29439,171,-0.2918780765754383,299,0,0,0,0,0,1,timeout
29738,172,-0.2903584559144455,299,0,0,0,0,0,1,timeout
30037,173,-0.29235252839434833,299,0,0,0,0,0,1,timeout
30053,174,-0.9892822932607988,16,0,1,0,0,0,0,collision
30172,175,-1.1067568270821508,119,0,1,0,0,0,0,collision
30471,176,-0.29048573126240973,299,0,0,0,0,0,1,timeout
30588,177,-1.108003315399771,117,0,1,0,0,0,0,collision
30887,178,-0.29464698328930145,299,0,0,0,0,0,1,timeout
30908,179,-1.0013412466672256,21,0,1,0,0,0,0,collision
31207,180,-0.2896318289991603,299,0,0,0,0,0,1,timeout
31506,181,-0.29144676335851344,299,0,0,0,0,0,1,timeout
31523,182,-0.9939818962940854,17,0,1,0,0,0,0,collision
31822,183,-0.2941094886659015,299,0,0,0,0,0,1,timeout
32121,184,-0.28474863521110955,299,0,0,0,0,0,1,timeout
32420,185,-0.29093651584730873,299,0,0,0,0,0,1,timeout
32547,186,-1.1183150676636526,127,0,1,0,0,0,0,collision
32846,187,-0.29526389874980075,299,0,0,0,0,0,1,timeout
32977,188,-1.1176352521053259,131,0,1,0,0,0,0,collision
33276,189,-0.29024073136940354,299,0,0,0,0,0,1,timeout
33360,190,-1.078355613044433,84,0,1,0,0,0,0,collision
33659,191,-0.2919258177209964,299,0,0,0,0,0,1,timeout
33958,192,-0.29545537008021144,299,0,0,0,0,0,1,timeout
34257,193,-0.2922419494458077,299,0,0,0,0,0,1,timeout
34556,194,-0.291861265944278,299,0,0,0,0,0,1,timeout
34572,195,-0.9944436983610271,16,0,1,0,0,0,0,collision
34871,196,-0.29353748857536877,299,0,0,0,0,0,1,timeout
34988,197,-1.1050698100962644,117,0,1,0,0,0,0,collision
35287,198,-0.2793182626681541,299,0,0,0,0,0,1,timeout
35586,199,-0.28170006112312723,299,0,0,0,0,0,1,timeout
35885,200,-0.27825518131366817,299,0,0,0,0,0,1,timeout
36184,201,-0.2802608016521111,299,0,0,0,0,0,1,timeout
36483,202,-0.29290213441492763,299,0,0,0,0,0,1,timeout
36782,203,-0.2849350905820579,299,0,0,0,0,0,1,timeout
37081,204,-0.28559300643596547,299,0,0,0,0,0,1,timeout
37380,205,-0.28243454122765793,299,0,0,0,0,0,1,timeout
37679,206,-0.28658791024942115,299,0,0,0,0,0,1,timeout
37945,207,-1.266,266,0,0,1,0,0,0,off_route
38051,208,-1.0919623863616241,106,0,1,0,0,0,0,collision
38118,209,-1.0551903990817868,67,0,1,0,0,0,0,collision
38255,210,-1.1200319256125477,137,0,1,0,0,0,0,collision
38554,211,-0.2878163608654638,299,0,0,0,0,0,1,timeout
38853,212,-0.2793007153023354,299,0,0,0,0,0,1,timeout
39152,213,-0.2932199547310706,299,0,0,0,0,0,1,timeout
39451,214,-0.28072001745909264,299,0,0,0,0,0,1,timeout
39750,215,-0.28810229670581655,299,0,0,0,0,0,1,timeout
40049,216,-0.28901868254147284,299,0,0,0,0,0,1,timeout
40348,217,-0.2872992837114958,299,0,0,0,0,0,1,timeout
40647,218,-0.28905032911001516,299,0,0,0,0,0,1,timeout
40946,219,-0.2821379418576599,299,0,0,0,0,0,1,timeout
41072,220,-1.1143482946672116,126,0,1,0,0,0,0,collision
41371,221,-0.2990000000000001,299,0,0,0,0,0,1,timeout
41670,222,-0.27526607257864993,299,0,0,0,0,0,1,timeout
41969,223,-0.2849369682085941,299,0,0,0,0,0,1,timeout
42268,224,-0.2870217789449589,299,0,0,0,0,0,1,timeout
42567,225,-0.2903472194095488,299,0,0,0,0,0,1,timeout
42866,226,-0.291789959294983,299,0,0,0,0,0,1,timeout
43165,227,-0.2870781203039989,299,0,0,0,0,0,1,timeout
43464,228,-0.28931344081880545,299,0,0,0,0,0,1,timeout
43763,229,-0.2898133564157781,299,0,0,0,0,0,1,timeout
44062,230,-0.28965030115598356,299,0,0,0,0,0,1,timeout
44361,231,-0.28707369780944614,299,0,0,0,0,0,1,timeout
44660,232,-0.294042086123531,299,0,0,0,0,0,1,timeout
44959,233,-0.29004240721047553,299,0,0,0,0,0,1,timeout
45258,234,-0.2814445429193192,299,0,0,0,0,0,1,timeout
45557,235,-0.28539496099337824,299,0,0,0,0,0,1,timeout
45689,236,-1.1247639318322922,132,0,1,0,0,0,0,collision
45988,237,-0.28536180509272474,299,0,0,0,0,0,1,timeout
46073,238,-1.0819577804299647,85,0,1,0,0,0,0,collision
46372,239,-0.29291249375885564,299,0,0,0,0,0,1,timeout
46671,240,-0.29099728502561667,299,0,0,0,0,0,1,timeout
46970,241,-0.2878104585563925,299,0,0,0,0,0,1,timeout
47152,242,-1.1697030959714416,182,0,1,0,0,0,0,collision
47451,243,-0.287496926265492,299,0,0,0,0,0,1,timeout
47750,244,-0.27015723048275303,299,0,0,0,0,0,1,timeout
48049,245,-0.29353655401525347,299,0,0,0,0,0,1,timeout
48348,246,-0.2938173357901463,299,0,0,0,0,0,1,timeout
48647,247,-0.2870179745691964,299,0,0,0,0,0,1,timeout
48946,248,-0.292438574797466,299,0,0,0,0,0,1,timeout
49245,249,-0.2930702167244759,299,0,0,0,0,0,1,timeout
49544,250,-0.2802641309717749,299,0,0,0,0,0,1,timeout
49843,251,-0.29483672752882734,299,0,0,0,0,0,1,timeout
50142,252,-0.2913041764387007,299,0,0,0,0,0,1,timeout
50441,253,-0.2957519488599887,299,0,0,0,0,0,1,timeout
50542,254,-1.091295734309102,101,0,1,0,0,0,0,collision
50737,255,-1.1771112813116902,195,0,1,0,0,0,0,collision
51036,256,-0.2929710376765561,299,0,0,0,0,0,1,timeout
51170,257,-1.1266406725764477,134,0,1,0,0,0,0,collision
51469,258,-0.27457922354557057,299,0,0,0,0,0,1,timeout
51768,259,-0.2944541031214711,299,0,0,0,0,0,1,timeout
52067,260,-0.2956571043806836,299,0,0,0,0,0,1,timeout
52366,261,-0.29343217885398754,299,0,0,0,0,0,1,timeout
52665,262,-0.29167480517190625,299,0,0,0,0,0,1,timeout
52964,263,-0.2930583325475858,299,0,0,0,0,0,1,timeout
53263,264,-0.2905007814435091,299,0,0,0,0,0,1,timeout
53562,265,-0.29536587934203384,299,0,0,0,0,0,1,timeout
53861,266,-0.29284014373540695,299,0,0,0,0,0,1,timeout
54160,267,-0.29103794938488,299,0,0,0,0,0,1,timeout
54459,268,-0.295613975516415,299,0,0,0,0,0,1,timeout
54758,269,-0.2920112214427617,299,0,0,0,0,0,1,timeout
54947,270,-1.1721672531761265,189,0,1,0,0,0,0,collision
55246,271,-0.29323524617529684,299,0,0,0,0,0,1,timeout
55545,272,-0.29412903773425547,299,0,0,0,0,0,1,timeout
55844,273,-0.29633306567113377,299,0,0,0,0,0,1,timeout
56143,274,-0.29522471468828615,299,0,0,0,0,0,1,timeout
56442,275,-0.292696706201271,299,0,0,0,0,0,1,timeout
56741,276,-0.29686632492129056,299,0,0,0,0,0,1,timeout
57040,277,-0.2867089672326259,299,0,0,0,0,0,1,timeout
57209,278,-1.1618894881651454,169,0,1,0,0,0,0,collision
57508,279,-0.2848668987620734,299,0,0,0,0,0,1,timeout
57707,280,-1.1947808178100972,199,0,1,0,0,0,0,collision
58006,281,-0.29284568513963294,299,0,0,0,0,0,1,timeout
58305,282,-0.2947997841817894,299,0,0,0,0,0,1,timeout
58422,283,-1.112063321157803,117,0,1,0,0,0,0,collision
58721,284,-0.2848440751688358,299,0,0,0,0,0,1,timeout
58916,285,-1.183713459852102,195,0,1,0,0,0,0,collision
59215,286,-0.2822193605648675,299,0,0,0,0,0,1,timeout
59514,287,-0.2949808296407504,299,0,0,0,0,0,1,timeout
59813,288,-0.2900787757703209,299,0,0,0,0,0,1,timeout
60112,289,-0.2941394943723278,299,0,0,0,0,0,1,timeout
60319,290,-1.1980905488976084,207,0,1,0,0,0,0,collision
60618,291,-0.29255227032283526,299,0,0,0,0,0,1,timeout
60917,292,-0.2952149193094518,299,0,0,0,0,0,1,timeout
61216,293,-0.2946906776078552,299,0,0,0,0,0,1,timeout
61515,294,-0.2905476400746388,299,0,0,0,0,0,1,timeout
61814,295,-0.2896511182485454,299,0,0,0,0,0,1,timeout
62113,296,-0.2965563866828299,299,0,0,0,0,0,1,timeout
62412,297,-0.29540706768707314,299,0,0,0,0,0,1,timeout
62600,298,-1.168384454126551,188,0,1,0,0,0,0,collision
62801,299,-1.1787761901645049,201,0,1,0,0,0,0,collision
62993,300,-1.179431241001201,192,0,1,0,0,0,0,collision
63178,301,-1.168734465501447,185,0,1,0,0,0,0,collision
63477,302,-0.2960034784507794,299,0,0,0,0,0,1,timeout
63776,303,-0.29712859538899555,299,0,0,0,0,0,1,timeout
64075,304,-0.29474382596649534,299,0,0,0,0,0,1,timeout
64374,305,-0.2870651022777295,299,0,0,0,0,0,1,timeout
64571,306,-1.1829842685468928,197,0,1,0,0,0,0,collision
64870,307,-0.29458461962494553,299,0,0,0,0,0,1,timeout
65169,308,-0.29439816954185727,299,0,0,0,0,0,1,timeout
65468,309,-0.2950850500680104,299,0,0,0,0,0,1,timeout
65767,310,-0.2951083868808043,299,0,0,0,0,0,1,timeout
65950,311,-1.1588665195608967,183,0,1,0,0,0,0,collision
66249,312,-0.2921400699714582,299,0,0,0,0,0,1,timeout
66548,313,-0.2953658449059638,299,0,0,0,0,0,1,timeout
66847,314,-0.2959193518799789,299,0,0,0,0,0,1,timeout
67146,315,-0.287413372881822,299,0,0,0,0,0,1,timeout
67445,316,-0.2966710668719363,299,0,0,0,0,0,1,timeout
67660,317,-1.2039320472539268,215,0,1,0,0,0,0,collision
67959,318,-0.2916002643737279,299,0,0,0,0,0,1,timeout
68258,319,-0.2926338491614723,299,0,0,0,0,0,1,timeout
68557,320,-0.28702131057612945,299,0,0,0,0,0,1,timeout
68856,321,-0.2859066891507537,299,0,0,0,0,0,1,timeout
69155,322,-0.295234727661025,299,0,0,0,0,0,1,timeout
69454,323,-0.2932356607526739,299,0,0,0,0,0,1,timeout
69676,324,-1.2061861924912793,222,0,1,0,0,0,0,collision
69975,325,-0.29240375460889206,299,0,0,0,0,0,1,timeout
70274,326,-0.28823147485267425,299,0,0,0,0,0,1,timeout
70573,327,-0.2920412166968352,299,0,0,0,0,0,1,timeout
70803,328,-1.222995137312805,230,0,1,0,0,0,0,collision
70848,329,-1.0387493127918024,45,0,1,0,0,0,0,collision
71067,330,-1.2134402813943646,219,0,1,0,0,0,0,collision
71274,331,-1.199400640326826,207,0,1,0,0,0,0,collision
71385,332,-1.103833872667412,111,0,1,0,0,0,0,collision
71428,333,-1.033087574696578,43,0,1,0,0,0,0,collision
71539,334,-1.1025782147654042,111,0,1,0,0,0,0,collision
71737,335,-1.1895582964212477,198,0,1,0,0,0,0,collision
71967,336,-1.2216993822651159,230,0,1,0,0,0,0,collision
72070,337,-1.096248167949237,103,0,1,0,0,0,0,collision
72177,338,-1.0972987029311432,107,0,1,0,0,0,0,collision
72476,339,-0.2955839971219057,299,0,0,0,0,0,1,timeout
72775,340,-0.2912103931722122,299,0,0,0,0,0,1,timeout
73074,341,-0.29489383417169174,299,0,0,0,0,0,1,timeout
73228,342,-1.1451574699160338,154,0,1,0,0,0,0,collision
73454,343,-1.2162895730193077,226,0,1,0,0,0,0,collision
73574,344,-1.1145702506324027,120,0,1,0,0,0,0,collision
73791,345,-1.1995338050880653,217,0,1,0,0,0,0,collision
74006,346,-1.201021103870499,215,0,1,0,0,0,0,collision
74031,347,-1.0153005331405702,25,0,1,0,0,0,0,collision
74132,348,-1.0896921338420025,101,0,1,0,0,0,0,collision
74431,349,-0.29440202345760746,299,0,0,0,0,0,1,timeout
74628,350,-1.1777611251067022,197,0,1,0,0,0,0,collision
74850,351,-1.2098943305688006,222,0,1,0,0,0,0,collision
75064,352,-1.2108120905029327,214,0,1,0,0,0,0,collision
75289,353,-1.2142639721491677,225,0,1,0,0,0,0,collision
75588,354,-0.294746858253316,299,0,0,0,0,0,1,timeout
75697,355,-1.1080227230109938,109,0,1,0,0,0,0,collision
75846,356,-1.1421063689741122,149,0,1,0,0,0,0,collision
76145,357,-0.29333595316211786,299,0,0,0,0,0,1,timeout
76375,358,-1.2240876909154956,230,0,1,0,0,0,0,collision
76574,359,-1.1932506528470568,199,0,1,0,0,0,0,collision
76789,360,-1.211920219711864,215,0,1,0,0,0,0,collision
77047,361,-1.2550921817059413,258,0,1,0,0,0,0,collision
77299,362,-1.2488449875131937,252,0,1,0,0,0,0,collision
77408,363,-1.1043379415218428,109,0,1,0,0,0,0,collision
77707,364,-0.2821447026326974,299,0,0,0,0,0,1,timeout
78006,365,-0.2949162096438815,299,0,0,0,0,0,1,timeout
78117,366,-1.104680979683502,111,0,1,0,0,0,0,collision
78416,367,-0.2899836820484843,299,0,0,0,0,0,1,timeout
78689,368,-1.2694687277337662,273,0,1,0,0,0,0,collision
78988,369,-0.29169591568838543,299,0,0,0,0,0,1,timeout
79176,370,-1.1737385954184316,188,0,1,0,0,0,0,collision
79400,371,-1.2229575276626516,224,0,1,0,0,0,0,collision
79699,372,-0.2950658494533943,299,0,0,0,0,0,1,timeout
79751,373,-1.0451966437876063,52,0,1,0,0,0,0,collision
80050,374,-0.28639058419057317,299,0,0,0,0,0,1,timeout
80349,375,-0.2969584214158926,299,0,0,0,0,0,1,timeout
80648,376,-0.28917491553988656,299,0,0,0,0,0,1,timeout
80947,377,-0.2992068813390254,299,0,0,0,0,0,1,timeout
81246,378,-0.29895918784317516,299,0,0,0,0,0,1,timeout
81545,379,-0.2976929170306957,299,0,0,0,0,0,1,timeout
81844,380,-0.2932394202180678,299,0,0,0,0,0,1,timeout
82143,381,-0.2988601888166825,299,0,0,0,0,0,1,timeout
82442,382,-0.29709096362297277,299,0,0,0,0,0,1,timeout
82741,383,-0.2949438235587964,299,0,0,0,0,0,1,timeout
83040,384,-0.2992553759248941,299,0,0,0,0,0,1,timeout
83339,385,-0.29797597050733676,299,0,0,0,0,0,1,timeout
83638,386,-0.298668108195388,299,0,0,0,0,0,1,timeout
83937,387,-0.29843396734659805,299,0,0,0,0,0,1,timeout
84236,388,-0.29917100639717015,299,0,0,0,0,0,1,timeout
84535,389,-0.2964503199552099,299,0,0,0,0,0,1,timeout
84834,390,-0.29894283740181327,299,0,0,0,0,0,1,timeout
85133,391,-0.2989560381771647,299,0,0,0,0,0,1,timeout
85432,392,-0.29846218533617663,299,0,0,0,0,0,1,timeout
85731,393,-0.2990907245657858,299,0,0,0,0,0,1,timeout
86030,394,-0.29894056361656707,299,0,0,0,0,0,1,timeout
86329,395,-0.2985582682060351,299,0,0,0,0,0,1,timeout
86628,396,-0.2988662658997873,299,0,0,0,0,0,1,timeout
86927,397,-0.29761993749170806,299,0,0,0,0,0,1,timeout
87226,398,-0.2989728257644714,299,0,0,0,0,0,1,timeout
87525,399,-0.2983491393396572,299,0,0,0,0,0,1,timeout
87824,400,-0.29858533493266926,299,0,0,0,0,0,1,timeout
88123,401,-0.29895185235278066,299,0,0,0,0,0,1,timeout
88422,402,-0.2989028979060064,299,0,0,0,0,0,1,timeout
88721,403,-0.2998241949652361,299,0,0,0,0,0,1,timeout
89020,404,-0.2989540840778566,299,0,0,0,0,0,1,timeout
89319,405,-0.2989333372661022,299,0,0,0,0,0,1,timeout
89618,406,-0.29891035519808834,299,0,0,0,0,0,1,timeout
89917,407,-0.2991842579304165,299,0,0,0,0,0,1,timeout
90216,408,-0.29940699526010883,299,0,0,0,0,0,1,timeout
90515,409,-0.29786611142619535,299,0,0,0,0,0,1,timeout
90814,410,-0.2986444005008366,299,0,0,0,0,0,1,timeout
91113,411,-0.2990667837955269,299,0,0,0,0,0,1,timeout
91412,412,-0.29877201120586083,299,0,0,0,0,0,1,timeout
91711,413,-0.2998095406968088,299,0,0,0,0,0,1,timeout
92010,414,-0.29910680005339263,299,0,0,0,0,0,1,timeout
92309,415,-0.2981578374041023,299,0,0,0,0,0,1,timeout
92608,416,-0.2990235172937367,299,0,0,0,0,0,1,timeout
92907,417,-0.29905210696467804,299,0,0,0,0,0,1,timeout
93206,418,-0.2990223021195512,299,0,0,0,0,0,1,timeout
93505,419,-0.29789776467280954,299,0,0,0,0,0,1,timeout
93804,420,-0.2984070101381248,299,0,0,0,0,0,1,timeout
94103,421,-0.298393383136453,299,0,0,0,0,0,1,timeout
94402,422,-0.2984104260284802,299,0,0,0,0,0,1,timeout
94701,423,-0.2984265546687063,299,0,0,0,0,0,1,timeout
95000,424,-0.29895243438253954,299,0,0,0,0,0,1,timeout
95299,425,-0.2986160461532897,299,0,0,0,0,0,1,timeout
95598,426,-0.29866602032362416,299,0,0,0,0,0,1,timeout
95897,427,-0.2983715737905905,299,0,0,0,0,0,1,timeout
96196,428,-0.29874563833353496,299,0,0,0,0,0,1,timeout
96495,429,-0.29903136864424423,299,0,0,0,0,0,1,timeout
96794,430,-0.29893461132832344,299,0,0,0,0,0,1,timeout
97093,431,-0.29888503444351217,299,0,0,0,0,0,1,timeout
97392,432,-0.29866582257594276,299,0,0,0,0,0,1,timeout
97691,433,-0.29909497423592074,299,0,0,0,0,0,1,timeout
97990,434,-0.29916147371194,299,0,0,0,0,0,1,timeout
98289,435,-0.29902750236660947,299,0,0,0,0,0,1,timeout
98588,436,-0.2998803951723241,299,0,0,0,0,0,1,timeout
98887,437,-0.2989311768381115,299,0,0,0,0,0,1,timeout
99186,438,-0.2987808371746354,299,0,0,0,0,0,1,timeout
99485,439,-0.2992285072559612,299,0,0,0,0,0,1,timeout
99784,440,-0.2989285072140689,299,0,0,0,0,0,1,timeout
207,1,3.075521933317186,207,0,0,1,0,0,0,off_route
445,2,3.044470491901044,238,0,0,1,0,0,0,off_route
626,3,3.0968991021215926,181,0,0,1,0,0,0,off_route
824,4,3.082250380933285,198,0,0,1,0,0,0,off_route
1016,5,3.0865397365689287,192,0,0,1,0,0,0,off_route
1194,6,3.1167566762566574,178,0,0,1,0,0,0,off_route
1213,7,-0.3324018078446389,19,0,1,0,0,0,0,collision
1251,8,0.08572813373804089,38,0,1,0,0,0,0,collision
1457,9,3.0770538176000137,206,0,0,1,0,0,0,off_route
1652,10,3.079482862651351,195,0,0,1,0,0,0,off_route
1852,11,3.095609382539989,200,0,0,1,0,0,0,off_route
2039,12,3.1148143497407457,187,0,0,1,0,0,0,off_route
2263,13,3.051230145081882,224,0,0,1,0,0,0,off_route
2479,14,3.0843759108483813,216,0,0,1,0,0,0,off_route
2666,15,3.0870040749311447,187,0,0,1,0,0,0,off_route
2856,16,3.107193178534511,190,0,0,1,0,0,0,off_route
2908,17,0.4234990391433241,52,0,1,0,0,0,0,collision
3111,18,3.098465210411698,203,0,0,1,0,0,0,off_route
3313,19,3.0721240292787577,202,0,0,1,0,0,0,off_route
3502,20,3.097397154629233,189,0,0,1,0,0,0,off_route
3534,21,0.06752808022499102,32,0,1,0,0,0,0,collision
3744,22,3.0749089384078996,210,0,0,1,0,0,0,off_route
3960,23,3.064622194707398,216,0,0,1,0,0,0,off_route
4015,24,0.4691262987256053,55,0,1,0,0,0,0,collision
4219,25,3.071591491162781,204,0,0,1,0,0,0,off_route
4444,26,3.073755171336236,225,0,0,1,0,0,0,off_route
4474,27,0.0409711596369744,30,0,1,0,0,0,0,collision
4663,28,3.1034801860004677,189,0,0,1,0,0,0,off_route
4718,29,0.4491507348418229,55,0,1,0,0,0,0,collision
4745,30,0.06592938709259022,27,0,1,0,0,0,0,collision
4959,31,3.072447725445036,214,0,0,1,0,0,0,off_route
4976,32,-0.3191818041801453,17,0,1,0,0,0,0,collision
5023,33,0.0961015409529209,47,0,1,0,0,0,0,collision
5198,34,3.1124894723296186,175,0,0,1,0,0,0,off_route
5389,35,3.1035600003004093,191,0,0,1,0,0,0,off_route
5448,36,0.5825424674749374,59,0,1,0,0,0,0,collision
5655,37,3.0808659334033757,207,0,0,1,0,0,0,off_route
207,1,3.075521933317186,207,0,0,1,0,0,0,off_route
445,2,3.044470491901044,238,0,0,1,0,0,0,off_route
626,3,3.0968991021215926,181,0,0,1,0,0,0,off_route
824,4,3.082250380933285,198,0,0,1,0,0,0,off_route
1016,5,3.0865397365689287,192,0,0,1,0,0,0,off_route
1194,6,3.1167566762566574,178,0,0,1,0,0,0,off_route
1213,7,-0.3324018078446389,19,0,1,0,0,0,0,collision
1251,8,0.08572813373804089,38,0,1,0,0,0,0,collision
1457,9,3.0770538176000137,206,0,0,1,0,0,0,off_route
1652,10,3.079482862651351,195,0,0,1,0,0,0,off_route
1852,11,3.095609382539989,200,0,0,1,0,0,0,off_route
2039,12,3.1148143497407457,187,0,0,1,0,0,0,off_route
2263,13,3.051230145081882,224,0,0,1,0,0,0,off_route
2479,14,3.0843759108483813,216,0,0,1,0,0,0,off_route
2666,15,3.0870040749311447,187,0,0,1,0,0,0,off_route
2856,16,3.107193178534511,190,0,0,1,0,0,0,off_route
2908,17,0.4234990391433241,52,0,1,0,0,0,0,collision
3111,18,3.098465210411698,203,0,0,1,0,0,0,off_route
3313,19,3.0721240292787577,202,0,0,1,0,0,0,off_route
3502,20,3.097397154629233,189,0,0,1,0,0,0,off_route
3534,21,0.06752808022499102,32,0,1,0,0,0,0,collision
3744,22,3.0749089384078996,210,0,0,1,0,0,0,off_route
3960,23,3.064622194707398,216,0,0,1,0,0,0,off_route
4015,24,0.4691262987256053,55,0,1,0,0,0,0,collision
4219,25,3.071591491162781,204,0,0,1,0,0,0,off_route
4444,26,3.073755171336236,225,0,0,1,0,0,0,off_route
4474,27,0.0409711596369744,30,0,1,0,0,0,0,collision
4663,28,3.1034801860004677,189,0,0,1,0,0,0,off_route
4718,29,0.4491507348418229,55,0,1,0,0,0,0,collision
4745,30,0.06592938709259022,27,0,1,0,0,0,0,collision
4959,31,3.072447725445036,214,0,0,1,0,0,0,off_route
4976,32,-0.3191818041801453,17,0,1,0,0,0,0,collision
5013,33,0.03357406008243535,37,0,1,0,0,0,0,collision
5071,34,0.4217560214996342,58,0,1,0,0,0,0,collision
5258,35,3.105861009389165,187,0,0,1,0,0,0,off_route
5319,36,0.5936245098114014,61,0,1,0,0,0,0,collision
5513,37,3.08648593848944,194,0,0,1,0,0,0,off_route
5703,38,3.1019185429811507,190,0,0,1,0,0,0,off_route
5918,39,3.0591745546460167,215,0,0,1,0,0,0,off_route
6114,40,3.0856899918019813,196,0,0,1,0,0,0,off_route
6329,41,3.0738353906571896,215,0,0,1,0,0,0,off_route
6515,42,3.111792511433364,186,0,0,1,0,0,0,off_route
6742,43,3.0493395521789832,227,0,0,1,0,0,0,off_route
6980,44,3.042944434739649,238,0,0,1,0,0,0,off_route
7181,45,3.0775848941653976,201,0,0,1,0,0,0,off_route
7387,46,3.070480261236431,206,0,0,1,0,0,0,off_route
7606,47,3.052006938815118,219,0,0,1,0,0,0,off_route
7795,48,3.1009314343929333,189,0,0,1,0,0,0,off_route
7985,49,3.107677928954364,190,0,0,1,0,0,0,off_route
8227,50,3.024388280130926,242,0,0,1,0,0,0,off_route
8445,51,3.0512699439823656,218,0,0,1,0,0,0,off_route
8534,52,0.9339350931942462,89,0,1,0,0,0,0,collision
8765,53,3.05657990524173,231,0,0,1,0,0,0,off_route
8967,54,3.0711597799807806,202,0,0,1,0,0,0,off_route
9180,55,3.064446620166305,213,0,0,1,0,0,0,off_route
9368,56,3.088102224737408,188,0,0,1,0,0,0,off_route
9568,57,3.0761350736022015,200,0,0,1,0,0,0,off_route
9764,58,3.1016795077323933,196,0,0,1,0,0,0,off_route
9966,59,3.0894963848888892,202,0,0,1,0,0,0,off_route
10157,60,3.083669660255315,191,0,0,1,0,0,0,off_route
10351,61,3.0986105659455063,194,0,0,1,0,0,0,off_route
10590,62,3.034628940805795,239,0,0,1,0,0,0,off_route
10815,63,3.050960131734613,225,0,0,1,0,0,0,off_route
11017,64,3.0706187180727738,202,0,0,1,0,0,0,off_route
11229,65,3.0567816694378878,212,0,0,1,0,0,0,off_route
11450,66,3.063540911577644,221,0,0,1,0,0,0,off_route
11680,67,3.0480415564775507,230,0,0,1,0,0,0,off_route
11919,68,3.0525894217789182,239,0,0,1,0,0,0,off_route
12104,69,3.089393416941167,185,0,0,1,0,0,0,off_route
12312,70,3.070530897200112,208,0,0,1,0,0,0,off_route
12528,71,3.0633145135045066,216,0,0,1,0,0,0,off_route
12755,72,3.068624402165416,227,0,0,1,0,0,0,off_route
12819,73,0.4062432051301008,64,0,1,0,0,0,0,collision
13058,74,3.0300821528434794,239,0,0,1,0,0,0,off_route
13297,75,3.034722914978866,239,0,0,1,0,0,0,off_route
13531,76,3.054921595364813,234,0,0,1,0,0,0,off_route
13747,77,3.0710239984244168,216,0,0,1,0,0,0,off_route
13977,78,3.0450877439975774,230,0,0,1,0,0,0,off_route
14007,79,0.06193521887063991,30,0,1,0,0,0,0,collision
14227,80,3.065688965767625,220,0,0,1,0,0,0,off_route
14453,81,3.0654823498576897,226,0,0,1,0,0,0,off_route
14663,82,3.076070195585493,210,0,0,1,0,0,0,off_route
14890,83,3.05339860390127,227,0,0,1,0,0,0,off_route
15110,84,3.0524372312426604,220,0,0,1,0,0,0,off_route
15357,85,3.0211135095655943,247,0,0,1,0,0,0,off_route
15574,86,3.060343619987373,217,0,0,1,0,0,0,off_route
15843,87,2.9966952135264924,269,0,0,1,0,0,0,off_route
16058,88,3.0664513511955755,215,0,0,1,0,0,0,off_route
16283,89,3.0592039253562753,225,0,0,1,0,0,0,off_route
16513,90,3.043889195173983,230,0,0,1,0,0,0,off_route
16708,91,3.0995137351751345,195,0,0,1,0,0,0,off_route
16923,92,3.067770765200261,215,0,0,1,0,0,0,off_route
17156,93,3.0439427437335294,233,0,0,1,0,0,0,off_route
17393,94,3.0395346366912173,237,0,0,1,0,0,0,off_route
17583,95,3.0821258752048033,190,0,0,1,0,0,0,off_route
17813,96,3.0493705347925473,230,0,0,1,0,0,0,off_route
18060,97,3.0261553109362747,247,0,0,1,0,0,0,off_route
18279,98,3.0664072154033946,219,0,0,1,0,0,0,off_route
18536,99,3.0247281339317587,257,0,0,1,0,0,0,off_route
18785,100,3.0313326202556516,249,0,0,1,0,0,0,off_route
19036,101,3.036864177674059,251,0,0,1,0,0,0,off_route
19285,102,3.046059624314312,249,0,0,1,0,0,0,off_route
19535,103,3.029812215548013,250,0,0,1,0,0,0,off_route
19772,104,3.04701757879183,237,0,0,1,0,0,0,off_route
20040,105,3.004087659314277,268,0,0,1,0,0,0,off_route
20274,106,3.046958136916163,234,0,0,1,0,0,0,off_route
20539,107,3.0306022586673538,265,0,0,1,0,0,0,off_route
20820,108,3.009685702301566,281,0,0,1,0,0,0,off_route
21066,109,3.0289564696103355,246,0,0,1,0,0,0,off_route
21082,110,-0.34311176574230196,16,0,1,0,0,0,0,collision
21097,111,-0.3506330275535583,15,0,1,0,0,0,0,collision
21161,112,0.4398958773016929,64,0,1,0,0,0,0,collision
21175,113,-0.33460743868350984,14,0,1,0,0,0,0,collision
21211,114,0.008474901258945344,36,0,1,0,0,0,0,collision
21227,115,-0.3597392741441727,16,0,1,0,0,0,0,collision
21476,116,3.0365728328228045,249,0,0,1,0,0,0,off_route
21775,117,3.762881627701228,299,0,0,0,0,0,1,timeout
21791,118,-0.3623658630847931,16,0,1,0,0,0,0,collision
21836,119,0.0018531370162965244,45,0,1,0,0,0,0,collision
22127,120,2.979750269293792,291,0,0,1,0,0,0,off_route
22417,121,3.0041173601895617,290,0,0,1,0,0,0,off_route
22435,122,-0.3300238214731216,18,0,1,0,0,0,0,collision
22486,123,-0.008911593466996992,51,0,1,0,0,0,0,collision
22520,124,0.01436479723453521,34,0,1,0,0,0,0,collision
22569,125,0.004248330950737067,49,0,1,0,0,0,0,collision
22863,126,2.9833999794386403,294,0,0,1,0,0,0,off_route
23162,127,3.622777785569434,299,0,0,0,0,0,1,timeout
23461,128,3.8931565907076027,299,0,0,0,0,0,1,timeout
23475,129,-0.31662602567672715,14,0,1,0,0,0,0,collision
23757,130,3.0013889853209306,282,0,0,1,0,0,0,off_route
23774,131,-0.3392939014434816,17,0,1,0,0,0,0,collision
23879,132,0.9280000247806307,105,0,1,0,0,0,0,collision
23895,133,-0.31836856341361985,16,0,1,0,0,0,0,collision
24002,134,0.5118759919255973,107,0,1,0,0,0,0,collision
24120,135,0.9341683211671196,118,0,1,0,0,0,0,collision
24419,136,3.5887023829147258,299,0,0,0,0,0,1,timeout
24433,137,-0.33990626478195185,14,0,1,0,0,0,0,collision
24495,138,-0.016171041771769534,62,0,1,0,0,0,0,collision
24510,139,-0.3450061881542207,15,0,1,0,0,0,0,collision
24809,140,3.8086140694320227,299,0,0,0,0,0,1,timeout
25108,141,3.311698365047578,299,0,0,0,0,0,1,timeout
25407,142,3.4896709380894935,299,0,0,0,0,0,1,timeout
25478,143,-0.02791136047244036,71,0,1,0,0,0,0,collision
25493,144,-0.32689438998699183,15,0,1,0,0,0,0,collision
25792,145,3.62699251749926,299,0,0,0,0,0,1,timeout
26091,146,3.3658555852472816,299,0,0,0,0,0,1,timeout
26390,147,3.5041038713641517,299,0,0,0,0,0,1,timeout
26431,148,0.013362113773822681,41,0,1,0,0,0,0,collision
26730,149,3.446888368599124,299,0,0,0,0,0,1,timeout
27029,150,3.555993215389557,299,0,0,0,0,0,1,timeout
27307,151,3.003698875501756,278,0,0,1,0,0,0,off_route
27606,152,3.527983595825738,299,0,0,0,0,0,1,timeout
27905,153,3.614211639877412,299,0,0,0,0,0,1,timeout
27967,154,-0.02242402833700219,62,0,1,0,0,0,0,collision
28032,155,-0.025896986722946047,65,0,1,0,0,0,0,collision
28331,156,3.168551239288881,299,0,0,0,0,0,1,timeout
28630,157,3.50095631836355,299,0,0,0,0,0,1,timeout
28929,158,3.7779009863026505,299,0,0,0,0,0,1,timeout
29228,159,3.355685122985399,299,0,0,0,0,0,1,timeout
29244,160,-0.33336822426319124,16,0,1,0,0,0,0,collision
29296,161,-0.010939001336693788,52,0,1,0,0,0,0,collision
29413,162,0.9153986116796743,117,0,1,0,0,0,0,collision
29513,163,0.9298986505717044,100,0,1,0,0,0,0,collision
29812,164,3.571200722943995,299,0,0,0,0,0,1,timeout
30111,165,3.672128420159226,299,0,0,0,0,0,1,timeout
30410,166,3.3467918790169082,299,0,0,0,0,0,1,timeout
30525,167,0.9141931603103878,115,0,1,0,0,0,0,collision
30824,168,3.498610911726957,299,0,0,0,0,0,1,timeout
30956,169,0.8986591891683642,132,0,1,0,0,0,0,collision
31009,170,-0.013153673961758372,53,0,1,0,0,0,0,collision
31308,171,3.160688817546707,299,0,0,0,0,0,1,timeout
31607,172,3.600562219530346,299,0,0,0,0,0,1,timeout
31906,173,3.3010118482857997,299,0,0,0,0,0,1,timeout
31935,174,-0.34270620653033257,29,0,1,0,0,0,0,collision
32234,175,3.519141872435812,299,0,0,0,0,0,1,timeout
32533,176,3.546497885160152,299,0,0,0,0,0,1,timeout
32641,177,0.9449391970485459,108,0,1,0,0,0,0,collision
32748,178,0.8977455787658691,107,0,1,0,0,0,0,collision
32801,179,-0.011695157617330643,53,0,1,0,0,0,0,collision
33100,180,3.3677634649202255,299,0,0,0,0,0,1,timeout
33399,181,3.444771180883057,299,0,0,0,0,0,1,timeout
33698,182,3.1315798207409706,299,0,0,0,0,0,1,timeout
33997,183,3.168186419293288,299,0,0,0,0,0,1,timeout
34296,184,3.3399792447909755,299,0,0,0,0,0,1,timeout
34595,185,3.4302190540581954,299,0,0,0,0,0,1,timeout
34894,186,3.2896710661463513,299,0,0,0,0,0,1,timeout
35193,187,3.345550864677876,299,0,0,0,0,0,1,timeout
35305,188,0.9233767380118368,112,0,1,0,0,0,0,collision
35604,189,3.313022844329478,299,0,0,0,0,0,1,timeout
35657,190,-0.008053653195500332,53,0,1,0,0,0,0,collision
35956,191,3.497097603812817,299,0,0,0,0,0,1,timeout
36255,192,3.503976221218709,299,0,0,0,0,0,1,timeout
36554,193,3.4143830556646058,299,0,0,0,0,0,1,timeout
36853,194,3.4872967196852045,299,0,0,0,0,0,1,timeout
36881,195,-0.32788666512072095,28,0,1,0,0,0,0,collision
37180,196,3.444000116385525,299,0,0,0,0,0,1,timeout
37288,197,0.8745050736079001,108,0,1,0,0,0,0,collision
37404,198,0.885868759840728,116,0,1,0,0,0,0,collision
37531,199,0.8586026578694592,127,0,1,0,0,0,0,collision
37661,200,0.859526640344411,130,0,1,0,0,0,0,collision
37960,201,3.6112673985995407,299,0,0,0,0,0,1,timeout
38259,202,3.3975172300813785,299,0,0,0,0,0,1,timeout
38558,203,3.310388815797868,299,0,0,0,0,0,1,timeout
38857,204,3.1128739227764357,299,0,0,0,0,0,1,timeout
38976,205,0.8740285651236782,119,0,1,0,0,0,0,collision
39085,206,0.8994121204912668,109,0,1,0,0,0,0,collision
39199,207,0.8940767452716832,114,0,1,0,0,0,0,collision
39312,208,0.8747013836055996,113,0,1,0,0,0,0,collision
39353,209,0.0032953243851657765,41,0,1,0,0,0,0,collision
39484,210,0.8581971778124569,131,0,1,0,0,0,0,collision
39783,211,3.019954092264179,299,0,0,0,0,0,1,timeout
40082,212,3.2328723173812084,299,0,0,0,0,0,1,timeout
40381,213,3.190437145460399,299,0,0,0,0,0,1,timeout
40680,214,3.102291945856064,299,0,0,0,0,0,1,timeout
40979,215,3.137720876302577,299,0,0,0,0,0,1,timeout
41278,216,3.315358435943726,299,0,0,0,0,0,1,timeout
41393,217,0.8908004625141622,115,0,1,0,0,0,0,collision
41502,218,0.8833507465049623,109,0,1,0,0,0,0,collision
41610,219,0.8903758959220729,108,0,1,0,0,0,0,collision
41728,220,0.8923218810632833,118,0,1,0,0,0,0,collision
42027,221,3.6964215073026803,299,0,0,0,0,0,1,timeout
42326,222,3.3879498411659226,299,0,0,0,0,0,1,timeout
42625,223,2.997745546953756,299,0,0,0,0,0,1,timeout
42924,224,2.95563344510645,299,0,0,0,0,0,1,timeout
43223,225,3.2522817845679883,299,0,0,0,0,0,1,timeout
43522,226,2.8731572469919966,299,0,0,0,0,0,1,timeout
43650,227,0.8280535598546275,128,0,1,0,0,0,0,collision
43761,228,0.8602928133085395,111,0,1,0,0,0,0,collision
43885,229,0.8467062140107168,124,0,1,0,0,0,0,collision
44184,230,2.8553491017073407,299,0,0,0,0,0,1,timeout
44483,231,2.719577603864836,299,0,0,0,0,0,1,timeout
44782,232,2.7843443496376343,299,0,0,0,0,0,1,timeout
45081,233,2.9046568586714634,299,0,0,0,0,0,1,timeout
45380,234,3.0330213306695297,299,0,0,0,0,0,1,timeout
45492,235,0.8707779725193994,112,0,1,0,0,0,0,collision
45791,236,2.5392199674262694,299,0,0,0,0,0,1,timeout
46090,237,2.7908812542669517,299,0,0,0,0,0,1,timeout
46389,238,2.4072917727860634,299,0,0,0,0,0,1,timeout
46433,239,0.14321313327550955,44,0,1,0,0,0,0,collision
46570,240,0.8106581092923902,137,0,1,0,0,0,0,collision
46698,241,0.8221159647479651,128,0,1,0,0,0,0,collision
46997,242,2.764572963513439,299,0,0,0,0,0,1,timeout
47122,243,0.844443045370281,125,0,1,0,0,0,0,collision
47260,244,0.8200062597058722,138,0,1,0,0,0,0,collision
47397,245,0.8106199595723306,137,0,1,0,0,0,0,collision
47696,246,2.945302097521726,299,0,0,0,0,0,1,timeout
47995,247,2.6410274097919517,299,0,0,0,0,0,1,timeout
48294,248,3.0468471167832645,299,0,0,0,0,0,1,timeout
48593,249,3.51312568506599,299,0,0,0,0,0,1,timeout
48892,250,2.655379118513321,299,0,0,0,0,0,1,timeout
48995,251,0.10946655320282961,103,0,1,0,0,0,0,collision
49109,252,0.8739083447158332,114,0,1,0,0,0,0,collision
49240,253,0.8376339688487362,131,0,1,0,0,0,0,collision
49355,254,0.908631016910077,115,0,1,0,0,0,0,collision
49485,255,0.8427975968737168,130,0,1,0,0,0,0,collision
49784,256,2.684175863372169,299,0,0,0,0,0,1,timeout
50083,257,2.7032655599750623,299,0,0,0,0,0,1,timeout
50382,258,2.563239761464304,299,0,0,0,0,0,1,timeout
50667,259,2.984169283751405,285,0,0,1,0,0,0,off_route
50692,260,-0.3467488072812559,25,0,1,0,0,0,0,collision
50991,261,3.9250651438944097,299,0,0,0,0,0,1,timeout
51290,262,3.211977896861736,299,0,0,0,0,0,1,timeout
51589,263,2.5538665300924372,299,0,0,0,0,0,1,timeout
51888,264,2.856221225507561,299,0,0,0,0,0,1,timeout
52187,265,3.048195338644094,299,0,0,0,0,0,1,timeout
52486,266,2.8376873507155165,299,0,0,0,0,0,1,timeout
52785,267,2.666579956746665,299,0,0,0,0,0,1,timeout
53084,268,2.917609938489278,299,0,0,0,0,0,1,timeout
53383,269,2.660685699548578,299,0,0,0,0,0,1,timeout
53682,270,2.637702463659463,299,0,0,0,0,0,1,timeout
53981,271,2.9545195628646783,299,0,0,0,0,0,1,timeout
54280,272,2.6936409072242755,299,0,0,0,0,0,1,timeout
54579,273,2.587436721589421,299,0,0,0,0,0,1,timeout
54878,274,2.4582971661109503,299,0,0,0,0,0,1,timeout
55177,275,3.9610396906491427,299,0,0,0,0,0,1,timeout
55476,276,2.163204086745628,299,0,0,0,0,0,1,timeout
55775,277,3.732976930191743,299,0,0,0,0,0,1,timeout
56074,278,2.4308026152304434,299,0,0,0,0,0,1,timeout
56368,279,2.9935171988736915,294,0,0,1,0,0,0,off_route
56667,280,3.811284786450216,299,0,0,0,0,0,1,timeout
56966,281,2.3753107560876585,299,0,0,0,0,0,1,timeout
57265,282,2.3937787478081924,299,0,0,0,0,0,1,timeout
57564,283,3.6765106564785857,299,0,0,0,0,0,1,timeout
57808,284,3.0341218103365994,244,0,0,1,0,0,0,off_route
58107,285,2.2489338800534635,299,0,0,0,0,0,1,timeout
58406,286,2.2719816199960223,299,0,0,0,0,0,1,timeout
58697,287,2.9697999323867292,291,0,0,1,0,0,0,off_route
58909,288,3.0540653373226565,212,0,0,1,0,0,0,off_route
59137,289,3.047655519962314,228,0,0,1,0,0,0,off_route
59378,290,3.0456067111259353,241,0,0,1,0,0,0,off_route
59676,291,2.975836206272249,298,0,0,1,0,0,0,off_route
59957,292,2.9941237502787335,281,0,0,1,0,0,0,off_route
60248,293,2.971915859930223,291,0,0,1,0,0,0,off_route
60508,294,3.006212665895006,260,0,0,1,0,0,0,off_route
60791,295,2.9788684965651524,283,0,0,1,0,0,0,off_route
61090,296,3.783870901469146,299,0,0,0,0,0,1,timeout
61345,297,3.0136510443687485,255,0,0,1,0,0,0,off_route
61466,298,0.9159401277974256,121,0,1,0,0,0,0,collision
61765,299,2.982005962844941,299,0,0,1,0,0,0,off_route
62038,300,3.0053994642086366,273,0,0,1,0,0,0,off_route
62276,301,3.031244168698791,238,0,0,1,0,0,0,off_route
62566,302,2.989238009778789,290,0,0,1,0,0,0,off_route
62865,303,3.740221639861357,299,0,0,0,0,0,1,timeout
63124,304,3.007310384590182,259,0,0,1,0,0,0,off_route
63372,305,3.028246695127341,248,0,0,1,0,0,0,off_route
63486,306,0.9230302025112344,114,0,1,0,0,0,0,collision
63742,307,3.0147911139354133,256,0,0,1,0,0,0,off_route
64002,308,3.0165214451705147,260,0,0,1,0,0,0,off_route
64247,309,3.0352518745418657,245,0,0,1,0,0,0,off_route
64546,310,3.8588256401233414,299,0,0,0,0,0,1,timeout
64819,311,3.005143718093638,273,0,0,1,0,0,0,off_route
65100,312,2.9931489917971232,281,0,0,1,0,0,0,off_route
65399,313,3.8634981819652063,299,0,0,0,0,0,1,timeout
65685,314,2.980188608948144,286,0,0,1,0,0,0,off_route
65972,315,2.9814211629908587,287,0,0,1,0,0,0,off_route
66249,316,2.9905153207383135,277,0,0,1,0,0,0,off_route
66354,317,0.9082812799885865,105,0,1,0,0,0,0,collision
66630,318,3.000480813091627,276,0,0,1,0,0,0,off_route
66929,319,2.847231215586889,299,0,0,0,0,0,1,timeout
67207,320,2.9919344338616405,278,0,0,1,0,0,0,off_route
67506,321,3.753532592974609,299,0,0,0,0,0,1,timeout
67805,322,3.840273031149062,299,0,0,0,0,0,1,timeout
68093,323,2.9778692876226325,288,0,0,1,0,0,0,off_route
68352,324,3.0154525706395527,259,0,0,1,0,0,0,off_route
68612,325,3.011169175859547,260,0,0,1,0,0,0,off_route
68911,326,3.9544541754284936,299,0,0,0,0,0,1,timeout
69210,327,3.8113425461798953,299,0,0,0,0,0,1,timeout
69269,328,-0.020038386449217405,59,0,1,0,0,0,0,collision
69296,329,-0.3620435066968203,27,0,1,0,0,0,0,collision
69342,330,0.0049431757032868395,46,0,1,0,0,0,0,collision
69595,331,3.0123905279934444,253,0,0,1,0,0,0,off_route
69640,332,-0.0011463925987482693,45,0,1,0,0,0,0,collision
69674,333,-0.3693666297509338,34,0,1,0,0,0,0,collision
69708,334,0.006750667452812165,34,0,1,0,0,0,0,collision
69976,335,3.017958298761403,268,0,0,1,0,0,0,off_route
70232,336,3.0169639642871964,256,0,0,1,0,0,0,off_route
70290,337,-0.0146075144422938,58,0,1,0,0,0,0,collision
70394,338,-0.053454501712170366,104,0,1,0,0,0,0,collision
70659,339,3.0072622147761328,265,0,0,1,0,0,0,off_route
70937,340,2.994677148086953,278,0,0,1,0,0,0,off_route
70965,341,0.017404708385467704,28,0,1,0,0,0,0,collision
71035,342,-0.021893402636051107,70,0,1,0,0,0,0,collision
71305,343,3.0053562774509235,270,0,0,1,0,0,0,off_route
71556,344,3.0229840663969556,251,0,0,1,0,0,0,off_route
71827,345,2.999609227009126,271,0,0,1,0,0,0,off_route
72106,346,3.005551011165605,279,0,0,1,0,0,0,off_route
72140,347,-0.28893839345872396,34,0,1,0,0,0,0,collision
72256,348,-0.05060593531690427,116,0,1,0,0,0,0,collision
72289,349,0.06192463245987878,33,0,1,0,0,0,0,collision
72339,350,0.4580804206430915,50,0,1,0,0,0,0,collision
72368,351,-0.24924586796760573,29,0,1,0,0,0,0,collision
72632,352,3.0222866029143374,264,0,0,1,0,0,0,off_route
72661,353,-0.3193871532529593,29,0,1,0,0,0,0,collision
72916,354,3.021802979223433,255,0,0,1,0,0,0,off_route
72955,355,-0.3681353188455103,39,0,1,0,0,0,0,collision
73236,356,2.996667704224591,281,0,0,1,0,0,0,off_route
73264,357,-0.3595324660390615,28,0,1,0,0,0,0,collision
73514,358,3.0251576603390333,250,0,0,1,0,0,0,off_route
73736,359,3.0524563082931615,222,0,0,1,0,0,0,off_route
73786,360,0.002852246910333811,50,0,1,0,0,0,0,collision
74041,361,3.032341176019987,255,0,0,1,0,0,0,off_route
74080,362,-0.03868603700399398,39,0,1,0,0,0,0,collision
74162,363,-0.02458858695393429,82,0,1,0,0,0,0,collision
74401,364,3.045721830690979,239,0,0,1,0,0,0,off_route
74441,365,-0.2279365543252786,40,0,1,0,0,0,0,collision
74543,366,-0.03918864115435272,102,0,1,0,0,0,0,collision
74791,367,3.026113167449838,248,0,0,1,0,0,0,off_route
75034,368,3.0323281243145477,243,0,0,1,0,0,0,off_route
75085,369,0.5185119634270672,51,0,1,0,0,0,0,collision
75315,370,3.0487167458329374,230,0,0,1,0,0,0,off_route
75567,371,3.0195625252923946,252,0,0,1,0,0,0,off_route
75592,372,-0.307194593548775,25,0,1,0,0,0,0,collision
75891,373,0.8481743063752918,299,0,0,0,0,0,1,timeout
76068,374,3.0994404807239806,177,0,0,1,0,0,0,off_route
76307,375,3.0301985775716647,239,0,0,1,0,0,0,off_route
76343,376,0.20092711293697385,36,0,1,0,0,0,0,collision
76378,377,0.16966465651989004,35,0,1,0,0,0,0,collision
76421,378,-0.09336475786473608,43,0,1,0,0,0,0,collision
76706,379,2.9966251676064037,285,0,0,1,0,0,0,off_route
76953,380,2.9888996713068354,247,0,1,0,0,0,0,collision
77210,381,3.003371514596048,257,0,1,0,0,0,0,collision
77249,382,0.5074506283402441,39,0,1,0,0,0,0,collision
77509,383,2.9438335848134063,260,0,1,0,0,0,0,collision
77784,384,3.0071969719720113,275,0,0,1,0,0,0,off_route
77828,385,0.48750008022785163,44,0,1,0,0,0,0,collision
78106,386,2.955193292026411,278,0,1,0,0,0,0,collision
78145,387,0.17428733265399932,39,0,1,0,0,0,0,collision
78439,388,1.9783527685273485,294,0,1,1,0,0,0,collision
78501,389,0.46337343328585845,62,0,1,0,0,0,0,collision
78543,390,0.002488506019115433,42,0,1,0,0,0,0,collision
78804,391,-0.20643612673478617,261,0,1,0,0,0,0,collision
78834,392,-0.14691874638199787,30,0,1,0,0,0,0,collision
79120,393,2.9959107298739305,286,0,0,1,0,0,0,off_route
79172,394,0.5114102869429626,52,0,1,0,0,0,0,collision
79430,395,3.02373392815516,258,0,0,1,0,0,0,off_route
79729,396,3.8582163875796867,299,0,0,0,0,0,1,timeout
79756,397,-0.32853257487108933,27,0,1,0,0,0,0,collision
79842,398,-0.046816316568525584,86,0,1,0,0,0,0,collision
79881,399,0.5045084283351893,39,0,1,0,0,0,0,collision
80159,400,2.99881985255331,278,0,0,1,0,0,0,off_route
80203,401,0.12039595241099588,44,0,1,0,0,0,0,collision
80502,402,3.838581997371676,299,0,0,0,0,0,1,timeout
80708,403,3.0762481929324603,206,0,0,1,0,0,0,off_route
80943,404,3.044765499243518,235,0,0,1,0,0,0,off_route
80982,405,0.4814337507486349,39,0,1,0,0,0,0,collision
81224,406,2.9628422751482617,242,0,1,0,0,0,0,collision
81262,407,-0.24628938712365922,38,0,1,0,0,0,0,collision
81521,408,3.0235302666693507,259,0,0,1,0,0,0,off_route
81611,409,0.7485038170439657,90,0,1,0,0,0,0,collision
81847,410,3.0400935914702734,236,0,0,1,0,0,0,off_route
82038,411,3.0893405324462844,191,0,0,1,0,0,0,off_route
209,1,-8.23506122589442,209,0,0,1,0,0,0,off_route
445,2,-8.28837580889716,236,0,0,1,0,0,0,off_route
628,3,-8.182265697270408,183,0,0,1,0,0,0,off_route
828,4,-8.212752753051165,200,0,0,1,0,0,0,off_route
209,1,-8.23506122589442,209,0,0,1,0,0,0,off_route
445,2,-8.28837580889716,236,0,0,1,0,0,0,off_route
208,1,-8.230951043677509,208,0,0,1,0,0,0,off_route
450,2,-8.289201861230177,242,0,0,1,0,0,0,off_route
630,3,-8.180798576618932,180,0,0,1,0,0,0,off_route
827,4,-8.21364525757563,197,0,0,1,0,0,0,off_route
1027,5,-8.228748403805493,200,0,0,1,0,0,0,off_route
1206,6,-8.185850552013362,179,0,0,1,0,0,0,off_route
1222,7,-4.964209418978251,16,0,1,0,0,0,0,collision
1261,8,-4.989614160202062,39,0,1,0,0,0,0,collision
1473,9,-8.239976413537574,212,0,0,1,0,0,0,off_route
1666,10,-8.210831721803082,193,0,0,1,0,0,0,off_route
1863,11,19.794700845800577,197,1,0,0,0,0,0,success
2050,12,-8.197225898810963,187,0,0,1,0,0,0,off_route
2266,13,-8.238844694199054,216,0,0,1,0,0,0,off_route
2477,14,-8.229711109904011,211,0,0,1,0,0,0,off_route
2660,15,-8.190394941131434,183,0,0,1,0,0,0,off_route
2851,16,-8.20777306178735,191,0,0,1,0,0,0,off_route
3038,17,-8.200070852034743,187,0,0,1,0,0,0,off_route
3255,18,-8.238574088712022,217,0,0,1,0,0,0,off_route
3452,19,-8.209988822484997,197,0,0,1,0,0,0,off_route
3634,20,-8.180656688998823,182,0,0,1,0,0,0,off_route
3844,21,-8.23244638163056,210,0,0,1,0,0,0,off_route
3967,22,-5.124342480554556,123,0,1,0,0,0,0,collision
4152,23,-8.207614048478442,185,0,0,1,0,0,0,off_route
4205,24,-5.024001242771308,53,0,1,0,0,0,0,collision
4439,25,-8.265294196845657,234,0,0,1,0,0,0,off_route
4622,26,-8.182527690141022,183,0,0,1,0,0,0,off_route
4653,27,-4.9842935906602435,31,0,1,0,0,0,0,collision
4692,28,-5.000725634748459,39,0,1,0,0,0,0,collision
4745,29,-5.011638648540311,53,0,1,0,0,0,0,collision
4957,30,-8.236590836030235,212,0,0,1,0,0,0,off_route
4989,31,-4.98576763027912,32,0,1,0,0,0,0,collision
5009,32,-4.970757681283919,20,0,1,0,0,0,0,collision
5046,33,-4.997854444281037,37,0,1,0,0,0,0,collision
5219,34,-8.178704491439488,173,0,0,1,0,0,0,off_route
5409,35,-8.206504438759787,190,0,0,1,0,0,0,off_route
5493,36,-5.073656822981167,84,0,1,0,0,0,0,collision
5575,37,-5.0748048510422885,82,0,1,0,0,0,0,collision
5747,38,-8.182653194383025,172,0,0,1,0,0,0,off_route
5959,39,-8.217406577696005,212,0,0,1,0,0,0,off_route
6184,40,-8.258578208256159,225,0,0,1,0,0,0,off_route
6389,41,-8.230665076792027,205,0,0,1,0,0,0,off_route
6613,42,-8.258777869971695,224,0,0,1,0,0,0,off_route
6647,43,-4.996154824921775,34,0,1,0,0,0,0,collision
6856,44,-8.221186014572922,209,0,0,1,0,0,0,off_route
7084,45,-8.259082600816068,228,0,0,1,0,0,0,off_route
7173,46,-5.071150497169255,89,0,1,0,0,0,0,collision
7386,47,-8.244936867604927,213,0,0,1,0,0,0,off_route
7607,48,-8.244056943765743,221,0,0,1,0,0,0,off_route
7795,49,-8.20319569969155,188,0,0,1,0,0,0,off_route
7988,50,-8.199512624499748,193,0,0,1,0,0,0,off_route
8234,51,-8.292961651456839,246,0,0,1,0,0,0,off_route
8456,52,-8.25464573744508,222,0,0,1,0,0,0,off_route
8650,53,-8.211218259501301,194,0,0,1,0,0,0,off_route
8835,54,-8.20626230505154,185,0,0,1,0,0,0,off_route
9051,55,-8.250275775814638,216,0,0,1,0,0,0,off_route
9266,56,-8.237675486484765,215,0,0,1,0,0,0,off_route
9462,57,-8.202143514393459,196,0,0,1,0,0,0,off_route
9662,58,-8.22934954258954,200,0,0,1,0,0,0,off_route
9843,59,-8.182905857333179,181,0,0,1,0,0,0,off_route
10047,60,-8.216507116330732,204,0,0,1,0,0,0,off_route
10261,61,-8.234262186376442,214,0,0,1,0,0,0,off_route
10463,62,-8.22031697941253,202,0,0,1,0,0,0,off_route
10660,63,-8.212436595422712,197,0,0,1,0,0,0,off_route
10884,64,-8.252258806080835,224,0,0,1,0,0,0,off_route
11087,65,-8.226578252706204,203,0,0,1,0,0,0,off_route
11293,66,-8.233988255824645,206,0,0,1,0,0,0,off_route
11506,67,-8.243264296477273,213,0,0,1,0,0,0,off_route
11737,68,-8.267365154539386,231,0,0,1,0,0,0,off_route
11962,69,-8.259799802976932,225,0,0,1,0,0,0,off_route
12137,70,-8.190204822720338,175,0,0,1,0,0,0,off_route
12352,71,-8.245616994019572,215,0,0,1,0,0,0,off_route
12563,72,-8.242032747471244,211,0,0,1,0,0,0,off_route
12768,73,-8.214941690152566,205,0,0,1,0,0,0,off_route
12968,74,-8.207890465079167,200,0,0,1,0,0,0,off_route
13186,75,-8.244645920818904,218,0,0,1,0,0,0,off_route
13440,76,-8.302062199577222,254,0,0,1,0,0,0,off_route
13657,77,-8.237166618106006,217,0,0,1,0,0,0,off_route
13878,78,-8.248800491896802,221,0,0,1,0,0,0,off_route
14090,79,-8.235318068948558,212,0,0,1,0,0,0,off_route
14303,80,-8.230596843316906,213,0,0,1,0,0,0,off_route
14513,81,-8.231310593767166,210,0,0,1,0,0,0,off_route
14712,82,-8.220316361198774,199,0,0,1,0,0,0,off_route
14948,83,-8.24917597599042,236,0,0,1,0,0,0,off_route
15161,84,-8.237460645559167,213,0,0,1,0,0,0,off_route
15384,85,-8.246237318118954,223,0,0,1,0,0,0,off_route
15594,86,-8.230537182936548,210,0,0,1,0,0,0,off_route
15866,87,-8.341572848691623,272,0,0,1,0,0,0,off_route
16097,88,-8.261005747306605,231,0,0,1,0,0,0,off_route
16337,89,-8.271827204029524,240,0,0,1,0,0,0,off_route
16560,90,19.744986008280804,223,1,0,0,0,0,0,success
16759,91,-8.203271557232322,199,0,0,1,0,0,0,off_route
16962,92,-8.21465174956581,203,0,0,1,0,0,0,off_route
17178,93,-8.249704995829209,216,0,0,1,0,0,0,off_route
17408,94,-8.255186615330118,230,0,0,1,0,0,0,off_route
17600,95,-8.213977005371037,192,0,0,1,0,0,0,off_route
17827,96,-8.271025502586127,227,0,0,1,0,0,0,off_route
18059,97,-8.271408617140294,232,0,0,1,0,0,0,off_route
18271,98,-8.236028045208379,212,0,0,1,0,0,0,off_route
18536,99,-8.321793394926608,265,0,0,1,0,0,0,off_route
18786,100,-8.305665131020705,250,0,0,1,0,0,0,off_route
19019,101,-8.258165328044399,233,0,0,1,0,0,0,off_route
19251,102,-8.275003403243366,232,0,0,1,0,0,0,off_route
19477,103,-8.24391008388321,226,0,0,1,0,0,0,off_route
19718,104,-8.24734005723617,241,0,0,1,0,0,0,off_route
19987,105,-8.31839215696034,269,0,0,1,0,0,0,off_route
20225,106,-8.28331602452887,238,0,0,1,0,0,0,off_route
20446,107,-8.250953996018277,221,0,0,1,0,0,0,off_route
20682,108,-8.290034467678977,236,0,0,1,0,0,0,off_route
20978,109,-8.360425515345328,296,0,0,1,0,0,0,off_route
20995,110,-4.966820435530041,17,0,1,0,0,0,0,collision
21011,111,-4.965304068245179,16,0,1,0,0,0,0,collision
21049,112,-5.001791271406889,38,0,1,0,0,0,0,collision
21068,113,-4.970323224512169,19,0,1,0,0,0,0,collision
21102,114,-4.993155830169419,34,0,1,0,0,0,0,collision
21115,115,-4.95930406824518,13,0,1,0,0,0,0,collision
21153,116,-4.993109273930873,38,0,1,0,0,0,0,collision
21276,117,-5.127304538156895,123,0,1,0,0,0,0,collision
21292,118,-4.965304068245179,16,0,1,0,0,0,0,collision
21331,119,-5.004435408065302,39,0,1,0,0,0,0,collision
21586,120,-8.315121898111707,255,0,0,1,0,0,0,off_route
21885,121,-0.36840612813218476,299,0,0,0,0,0,0,terminated
21920,122,-4.987226671640444,35,0,1,0,0,0,0,collision
21979,123,-5.028447919106239,59,0,1,0,0,0,0,collision
22011,124,-4.990570911462186,32,0,1,0,0,0,0,collision
22056,125,-5.00630747331926,45,0,1,0,0,0,0,collision
22351,126,-8.366182832533017,295,0,0,1,0,0,0,off_route
22634,127,19.684708027603353,283,1,0,0,0,0,0,success
22932,128,-8.37942291633377,298,0,0,1,0,0,0,off_route
22948,129,-4.964275387833367,16,0,1,0,0,0,0,collision
22975,130,-4.983962866464492,27,0,1,0,0,0,0,collision
22992,131,-4.96730406824518,17,0,1,0,0,0,0,collision
23291,132,-8.374652151515866,299,0,0,1,0,0,0,off_route
23313,133,-4.9736910165850645,22,0,1,0,0,0,0,collision
23420,134,-5.096509397711107,107,0,1,0,0,0,0,collision
23688,135,-8.328133524942523,268,0,0,1,0,0,0,off_route
23987,136,-0.37200332207462095,299,0,0,0,0,0,0,terminated
24006,137,-4.9678050397917195,19,0,1,0,0,0,0,collision
24055,138,-5.010162185208129,49,0,1,0,0,0,0,collision
24071,139,-4.962193667867543,16,0,1,0,0,0,0,collision
24370,140,-0.3671600513613896,299,0,0,0,0,0,0,terminated
24665,141,-8.357573117889068,295,0,0,1,0,0,0,off_route
24791,142,-5.1243673032489925,126,0,1,0,0,0,0,collision
24850,143,-5.0228870449836664,59,0,1,0,0,0,0,collision
24872,144,-4.974326236894926,22,0,1,0,0,0,0,collision
25171,145,-0.3846980558835543,299,0,0,0,0,0,0,terminated
25470,146,-0.3916279289032556,299,0,0,0,0,0,0,terminated
25769,147,-0.3788100151374844,299,0,0,0,0,0,0,terminated
25851,148,-5.065729249527536,82,0,1,0,0,0,0,collision
26150,149,-0.39082410250189226,299,0,0,0,0,0,0,terminated
26256,150,-5.094866895566266,106,0,1,0,0,0,0,collision
26555,151,-0.37569380000483893,299,0,0,0,0,0,0,terminated
26625,152,-5.054333291084408,70,0,1,0,0,0,0,collision
26789,153,-5.196502708378792,164,0,1,0,0,0,0,collision
26827,154,-4.9934469555456555,38,0,1,0,0,0,0,collision
26903,155,-5.053889646925429,76,0,1,0,0,0,0,collision
27202,156,-0.360656942614553,299,0,0,0,0,0,0,terminated
27501,157,-0.39590788215423667,299,0,0,0,0,0,0,terminated
27800,158,-0.3801216701317775,299,0,0,0,0,0,0,terminated
28099,159,-0.3753308211113864,299,0,0,0,0,0,0,terminated
28166,160,-5.028848694933679,67,0,1,0,0,0,0,collision
28242,161,-5.05236695617516,76,0,1,0,0,0,0,collision
28383,162,-5.163222477238787,141,0,1,0,0,0,0,collision
28503,163,-5.131469291477717,120,0,1,0,0,0,0,collision
28653,164,-5.1716079419066165,150,0,1,0,0,0,0,collision
28952,165,-0.38881604590151286,299,0,0,0,0,0,0,terminated
29251,166,-0.38672721554601724,299,0,0,0,0,0,0,terminated
29392,167,-5.170697972983829,141,0,1,0,0,0,0,collision
29691,168,-0.3830762081361628,299,0,0,0,0,0,0,terminated
29871,169,-5.210885305113924,180,0,1,0,0,0,0,collision
29890,170,-4.970273944454734,19,0,1,0,0,0,0,collision
30189,171,-0.3769486389550947,299,0,0,0,0,0,0,terminated
30488,172,-0.39150350482504837,299,0,0,0,0,0,0,terminated
30787,173,-0.3766485669742696,299,0,0,0,0,0,0,terminated
30824,174,-4.993689327317437,37,0,1,0,0,0,0,collision
30982,175,-5.181169177316144,158,0,1,0,0,0,0,collision
31153,176,-5.2128446567262126,171,0,1,0,0,0,0,collision
31302,177,-5.164348798232192,149,0,1,0,0,0,0,collision
31601,178,-0.37913513969538454,299,0,0,0,0,0,0,terminated
31676,179,-5.054164474917998,75,0,1,0,0,0,0,collision
31704,180,-4.9885865907410825,28,0,1,0,0,0,0,collision
32003,181,-0.38582254474345645,299,0,0,0,0,0,0,terminated
32302,182,-0.3815642295152304,299,0,0,0,0,0,0,terminated
32601,183,-0.37974497641932564,299,0,0,0,0,0,0,terminated
32900,184,-0.3784420243604573,299,0,0,0,0,0,0,terminated
33051,185,-5.170481866203726,151,0,1,0,0,0,0,collision
33350,186,-0.37448803820394233,299,0,0,0,0,0,0,terminated
33465,187,-5.120179931212136,115,0,1,0,0,0,0,collision
33611,188,-5.159618395183047,146,0,1,0,0,0,0,collision
33628,189,-4.965873266319028,17,0,1,0,0,0,0,collision
33696,190,-5.042340027496628,68,0,1,0,0,0,0,collision
33995,191,-0.3763510505125821,299,0,0,0,0,0,0,terminated
34294,192,-0.38678705762474574,299,0,0,0,0,0,0,terminated
34403,193,-5.099124992441931,109,0,1,0,0,0,0,collision
34702,194,-0.36888359928666475,299,0,0,0,0,0,0,terminated
34717,195,-4.963304068245179,15,0,1,0,0,0,0,collision
34810,196,-5.084807177004072,93,0,1,0,0,0,0,collision
34966,197,-5.173173950801452,156,0,1,0,0,0,0,collision
35125,198,-5.170409219550273,159,0,1,0,0,0,0,collision
35281,199,-5.188842646258928,156,0,1,0,0,0,0,collision
35421,200,-5.152218510150099,140,0,1,0,0,0,0,collision
35720,201,-0.37630687044985534,299,0,0,0,0,0,0,terminated
36019,202,-0.3748768745597461,299,0,0,0,0,0,0,terminated
36318,203,-0.3830384992851852,299,0,0,0,0,0,0,terminated
36617,204,-0.37715192894993044,299,0,0,0,0,0,0,terminated
36766,205,-5.175668178867056,149,0,1,0,0,0,0,collision
36896,206,-5.148178983065387,130,0,1,0,0,0,0,collision
37013,207,-5.123101909384793,117,0,1,0,0,0,0,collision
37140,208,-5.130544311686664,127,0,1,0,0,0,0,collision
37185,209,-5.007636084073105,45,0,1,0,0,0,0,collision
37314,210,-5.137858114569815,129,0,1,0,0,0,0,collision
37613,211,-0.36331858225436936,299,0,0,0,0,0,0,terminated
37912,212,-0.3552910784528331,299,0,0,0,0,0,0,terminated
38211,213,-0.39970445351564343,299,0,0,0,0,0,0,terminated
38510,214,-0.3780956610040158,299,0,0,0,0,0,0,terminated
38809,215,-0.3668941679063574,299,0,0,0,0,0,0,terminated
39108,216,-0.36364244063705925,299,0,0,0,0,0,0,terminated
39247,217,-5.151939829783362,139,0,1,0,0,0,0,collision
39392,218,-5.154166895502895,145,0,1,0,0,0,0,collision
39541,219,-5.170286779648209,149,0,1,0,0,0,0,collision
39840,220,-0.3820195778192553,299,0,0,0,0,0,0,terminated
40139,221,-0.3905145806018078,299,0,0,0,0,0,0,terminated
40438,222,-0.38082878838850653,299,0,0,0,0,0,0,terminated
40737,223,-0.38352072950446875,299,0,0,0,0,0,0,terminated
41036,224,-0.3945943660596962,299,0,0,0,0,0,0,terminated
41058,225,-4.970789773675381,22,0,1,0,0,0,0,collision
41357,226,-0.3821931445088469,299,0,0,0,0,0,0,terminated
41513,227,-5.180884720768236,156,0,1,0,0,0,0,collision
41667,228,-5.17422774949066,154,0,1,0,0,0,0,collision
41966,229,-0.397385674675032,299,0,0,0,0,0,0,terminated
42104,230,-5.13485847533892,138,0,1,0,0,0,0,collision
42403,231,-0.38544343206364956,299,0,0,0,0,0,0,terminated
42702,232,-0.3866310436114664,299,0,0,0,0,0,0,terminated
43001,233,-0.3974919239880332,299,0,0,0,0,0,0,terminated
43300,234,-0.40033932016500584,299,0,0,0,0,0,0,terminated
43599,235,-0.3826675588547381,299,0,0,0,0,0,0,terminated
43898,236,-0.3982014289566011,299,0,0,0,0,0,0,terminated
44197,237,-0.4001598806437782,299,0,0,0,0,0,0,terminated
44295,238,-5.0880935724265886,98,0,1,0,0,0,0,collision
44594,239,-0.4039395439512354,299,0,0,0,0,0,0,terminated
44893,240,-0.397971081413946,299,0,0,0,0,0,0,terminated
45192,241,-0.39490833670934056,299,0,0,0,0,0,0,terminated
45491,242,-0.3728177284479552,299,0,0,0,0,0,0,terminated
45790,243,-0.3943568592525766,299,0,0,0,0,0,0,terminated
46089,244,-0.38680677196799096,299,0,0,0,0,0,0,terminated
46388,245,-0.3820907030389005,299,0,0,0,0,0,0,terminated
46687,246,-0.38361390494411934,299,0,0,0,0,0,0,terminated
46986,247,-0.4086417199515432,299,0,0,0,0,0,0,terminated
47285,248,-0.41469480008357607,299,0,0,0,0,0,0,terminated
47584,249,-0.4017103846204317,299,0,0,0,0,0,0,terminated
47883,250,-0.3964254057576728,299,0,0,0,0,0,0,terminated
47956,251,-5.048698202809674,73,0,1,0,0,0,0,collision
48255,252,-0.39361588553393306,299,0,0,0,0,0,0,terminated
48554,253,-0.3864540184376396,299,0,0,0,0,0,0,terminated
48853,254,-0.3870059801504284,299,0,0,0,0,0,0,terminated
263,1,-8.368423611323632,263,0,0,1,0,0,0,off_route
507,2,-8.349564012653746,244,0,0,1,0,0,0,off_route
755,3,-8.332770129023524,248,0,0,1,0,0,0,off_route
1016,4,-8.402003877205843,261,0,0,1,0,0,0,off_route
1281,5,-8.398971136135893,265,0,0,1,0,0,0,off_route
1532,6,-8.37140758195992,251,0,0,1,0,0,0,off_route
1764,7,-8.337551302531375,232,0,0,1,0,0,0,off_route
2020,8,-8.367711296504636,256,0,0,1,0,0,0,off_route
2264,9,-8.363637978282918,244,0,0,1,0,0,0,off_route
2517,10,-8.361218990816345,253,0,0,1,0,0,0,off_route
2774,11,-8.363339101696043,257,0,0,1,0,0,0,off_route
3018,12,-8.342265091500579,244,0,0,1,0,0,0,off_route
3256,13,-8.36816685986286,238,0,0,1,0,0,0,off_route
3505,14,-8.375095654407614,249,0,0,1,0,0,0,off_route
3751,15,-8.360829547211585,246,0,0,1,0,0,0,off_route
3998,16,-8.347962336143574,247,0,0,1,0,0,0,off_route
4241,17,-8.337346013421035,243,0,0,1,0,0,0,off_route
4499,18,-8.403470322552709,258,0,0,1,0,0,0,off_route
4758,19,-8.38146649804475,259,0,0,1,0,0,0,off_route
